Rk,Team,Conf,W,L,G,Eligible,AdjEM,AdjEM_SE,AdjO,AdjO_Rk,AdjD,AdjD_Rk,AdjT,AdjSR_O,AdjSR_D,PPD_O,PPD_D,SR_O,SR_D,Explosive_O,Explosive_D,YPP_O,YPP_D,FieldPos_O,FieldPos_D,PtsPerOpp_O,PtsPerOpp_D,TO_Margin_pg,SecPerPlay,NeutralPace_s_per_snap,NeutralRunRate,LeadProtectionDrives,PF_garbage_adj,PA_garbage_adj,PythagW%_garbage_adj,Luck,Luck_raw_scores,Pen_pg,PenYds_pg,NetPenYds_pg,OffPen_per100,OffPen_per100_confavg,OffPreSnap_per100,DefPen_per100,DefPen_per100_confavg,PenFirstDownsAllowed_pg,SOS_AdjEM,SOS_Rk,NCSOS_AdjEM,Opp_AdjO,Opp_AdjD,WinValueTotal,AvgWinValue,LossCostTotal,NetResume,NetResumePerGame,Resume_Rk,SchedStrengthRatio,BestWinValue,BestWinOpp,WorstLossCost,WorstLossOpp
1,Notre Dame,FBS Indep.,5,0,5,True,30.5916,8.285,3.9237,4,1.2749,1,11.1062,0.5339,0.3305,4.3514,1.1026,0.5565,0.3188,0.125,0.058,6.7903,4.0,35.973,25.9487,5.5517,4.3,2.0,29.7823,36.8559,0.5532,0,182,49,0.9573,0.0427,0.0491,2.8,27.6,7.6,3.0418,4.6137,1.1407,0.939,2.3339,0.4,1.8765,10,1.8765,2.5557,2.3932,5.4953,1.0991,0,5.4953,1.0991,2,1.0262,1.5187,Wisconsin,,
2,Alabama,SEC,5,0,5,True,27.593,6.6216,4.0596,1,1.6705,12,11.7725,0.5035,0.3415,4.2955,1.9362,0.5214,0.3571,0.1712,0.1071,7.4669,5.254,32.7727,24.8936,5.7407,5.2,1.4,31.6109,36.3103,0.5253,1,224,101,0.8685,0.1315,0.1131,7.0,45.8,7.2,6.383,5.1166,3.5461,3.3088,3.425,1.4,6.3908,3,0.6847,2.7239,2.1706,6.2481,1.2496,0,6.2481,1.2496,1,1.1668,1.5447,Mississippi State,,
3,Miami,ACC,5,0,5,True,26.3722,3.4443,4.006,2,1.7225,16,11.281,0.5366,0.4029,4.5385,1.0769,0.5905,0.3674,0.1595,0.0884,8.1897,4.4837,29.2564,25.7692,6.5,3.0,0.8,28.4483,32.9518,0.4577,2,186,49,0.9594,0.0406,0.021,6.4,59.0,15.6,4.7809,4.9999,3.1873,3.0172,4.0324,1.2,-11.6471,89,-28.7059,1.6977,2.7062,4.9149,1.2287,0,4.9149,0.983,3,0.9178,1.4446,Wake Forest,,
4,Georgia,SEC,5,0,5,True,25.8024,8.6256,3.8434,5,1.6093,8,12.2392,0.5388,0.3364,4.7222,0.5152,0.5859,0.2635,0.1818,0.0539,7.8535,3.8862,38.25,25.8788,6.2083,1.6667,1.2,30.4444,35.7681,0.4828,0,191,20,0.9953,0.0047,0.0397,5.2,50.6,-8.6,2.8571,5.1166,1.4286,3.3333,3.425,1.0,-13.4217,93,-30.1928,1.6059,2.768,3.9974,0.9994,0,3.9974,0.7995,8,0.7465,1.1945,Vanderbilt,,
5,Ohio State,Big Ten,4,1,5,True,22.6346,3.8292,3.6273,6,1.6674,11,11.4664,0.5241,0.3772,3.8974,1.2778,0.542,0.3648,0.1489,0.0815,7.458,4.2961,31.1282,23.9167,5.1667,3.5385,0.8,27.084,36.0789,0.5278,1,173,46,0.9585,-0.1585,-0.1461,6.4,49.8,-5.0,3.663,4.2981,3.2967,2.3622,3.6728,1.0,-2.2305,28,-3.7215,2.134,2.3271,3.8949,0.9737,0.5966,3.2983,0.6597,13,1.0155,1.4566,Iowa,0.5966,Texas
6,Indiana,Big Ten,5,0,5,True,19.0313,4.7539,3.262,12,1.6142,9,10.6758,0.4515,0.3557,4.3243,1.0833,0.5198,0.3365,0.1982,0.09,8.3789,4.6114,32.4324,22.6111,5.0769,4.0,0.4,28.1894,35.631,0.5102,0,169,39,0.97,0.03,0.0342,3.4,27.6,13.8,2.9289,4.2981,1.6736,3.125,3.6728,1.0,-11.5083,87,-20.2268,2.1212,3.1177,3.8574,0.9643,0,3.8574,0.7715,11,0.7203,1.4109,Northwestern,,
7,LSU,SEC,4,1,5,True,18.0773,6.2322,3.0063,15,1.4411,2,12.5735,0.4536,0.3039,3.3864,0.9762,0.479,0.2694,0.1503,0.0881,6.451,3.4819,33.8636,26.9048,5.0,4.1,0.0,24.2343,27.547,0.5306,0,156,48,0.9423,-0.1423,-0.124,6.2,51.2,-2.4,4.9342,5.1166,2.9605,2.4038,3.425,0.6,-4.7709,42,-11.8853,2.1417,2.5548,3.6693,1.2231,0.9902,2.679,0.5358,18,0.9003,1.3114,Clemson,0.9902,Ole Miss
8,Nebraska,Big Ten,5,0,5,True,16.6853,6.2802,3.267,11,1.8223,21,11.8884,0.4589,0.3636,3.8958,1.3913,0.4851,0.3319,0.1452,0.0961,6.7129,4.6681,31.25,28.4565,5.6786,3.6,1.2,27.2178,31.1053,0.5083,2,201,64,0.9377,0.0623,0.0655,8.6,73.4,-21.6,5.2308,4.2981,2.4615,4.4715,3.6728,1.4,-7.8123,65,-13.9681,2.0667,2.7431,4.1602,1.0401,0,4.1602,0.832,6,0.7769,1.1825,Michigan State,,
9,Missouri,SEC,4,1,5,True,16.2923,8.2357,2.8863,23,1.4756,3,12.0885,0.4394,0.3468,3.098,1.44,0.4401,0.3441,0.1408,0.1075,6.6972,4.7599,34.5686,26.16,4.6207,4.25,0.8,26.4648,32.6095,0.4787,1,167,79,0.855,-0.055,-0.017,7.2,68.4,8.4,5.9406,5.1166,2.9703,2.9703,3.425,1.8,-0.9199,19,-11.7977,2.52,2.5996,3.4544,1.1515,0.8191,2.6353,0.5271,19,0.8919,1.6035,Florida,0.8191,Mississippi State
10,Houston,Big 12,4,1,5,True,16.2599,3.1629,3.5602,8,2.1523,38,10.6579,0.5351,0.4086,3.7778,2.0667,0.5392,0.4,0.1209,0.1057,6.5196,5.6377,36.8444,21.6889,4.5152,5.8125,0.6,26.1732,33.0547,0.5609,0,170,93,0.8068,-0.0068,-0.0488,6.6,55.0,-3.4,4.8048,4.6681,3.3033,3.4602,3.3935,1.6,-3.0519,33,-12.821,2.2148,2.479,3.2973,1.0991,0.7397,2.5576,0.5115,21,0.8773,1.285,UCF,0.7397,Texas Tech
11,Mississippi State,SEC,4,1,5,True,15.5657,9.4169,3.4716,9,2.1238,35,11.3933,0.4998,0.4056,3.48,2.4222,0.4966,0.4211,0.1723,0.1123,6.9155,5.6386,28.06,29.8222,5.7037,4.6087,-0.6,21.8412,24.6064,0.4217,1,174,123,0.6947,0.1053,0.1132,8.0,69.8,14.8,5.296,5.1166,1.2461,3.5144,3.425,1.4,5.3454,4,-10.8855,2.6741,2.2113,4.5684,1.1421,0.5748,3.9936,0.7987,9,1.1453,1.5013,Missouri,0.5748,Alabama
12,Pittsburgh,ACC,5,0,5,True,15.3554,3.8972,2.9149,21,1.5853,7,12.072,0.4194,0.36,3.1702,1.3191,0.4382,0.3267,0.1498,0.0996,6.5543,5.2032,30.0426,25.5106,5.4286,3.0556,1.0,27.6704,31.4182,0.4858,1,154,67,0.8779,0.1221,0.0762,8.8,79.4,-9.0,4.811,4.9999,2.0619,4.9645,4.0324,2.4,-6.7098,59,-14.7,2.0699,2.6508,4.3897,1.0974,0,4.3897,0.8779,4,0.8197,1.3586,Virginia Tech,,
13,Florida,SEC,4,1,5,True,15.2281,9.7065,3.9391,3,2.6206,71,11.5155,0.4857,0.4273,4.3333,2.8372,0.5,0.4471,0.1641,0.1137,7.0344,5.9765,35.3333,26.9767,5.6429,5.0909,0.8,28.7863,33.1071,0.5867,3,196,122,0.7547,0.0453,0.0217,8.6,87.4,-22.0,4.9296,5.1166,2.1127,3.7037,3.425,1.6,0.8274,11,-12.5498,2.4945,2.4229,4.074,1.358,0.9397,3.1343,0.6269,15,0.9852,1.4452,Ole Miss,0.9397,Missouri
14,Oregon State,Pac-12,3,2,5,True,14.0597,7.7004,3.1973,13,1.9799,28,11.2631,0.4627,0.384,3.6591,2.0909,0.5073,0.4071,0.1679,0.0949,7.5146,5.2964,25.1591,31.7045,5.4444,3.7143,0.6,25.9964,33.3696,0.4182,0,168,92,0.8065,-0.2065,-0.1438,7.2,69.0,-4.2,4.0678,4.8629,1.6949,3.9711,2.9651,1.8,-3.9795,36,-1.757,2.444,2.7885,1.6922,0.8461,1.6274,0.0647,0.0129,55,0.8117,0.9986,Colorado State,0.9021,Houston
15,Wake Forest,ACC,4,1,5,True,12.9718,4.5746,2.9211,19,1.7979,18,10.7167,0.4628,0.4073,3.3333,2.0233,0.4871,0.4387,0.1624,0.0929,7.048,5.2528,27.8333,27.1163,4.5385,3.8095,0.0,25.9668,31.0,0.5276,0,155,102,0.7294,0.0706,0.0496,9.2,84.8,-24.8,6.9767,4.9999,4.9834,3.1802,4.0324,1.8,-1.3493,21,-10.3837,2.6003,2.7171,3.8306,0.9576,0.6207,3.2099,0.642,14,0.999,1.0763,Stanford,0.6207,Miami
16,Tennessee,SEC,4,1,5,True,12.6248,4.4111,2.7666,30,1.6735,13,12.2548,0.4311,0.4008,2.7551,1.102,0.4352,0.3828,0.113,0.0938,5.4219,4.6133,31.6939,26.2041,4.9565,3.1765,0.6,25.8771,29.8017,0.5915,1,149,61.0,0.8925,-0.0925,-0.0905,7.0,61.4,16.6,6.1538,5.1166,3.3846,3.2491,3.425,1.4,-5.7728,52,-18.511,1.8451,2.345,2.6087,0.8696,0.5851,2.0236,0.4047,29,0.7774,1.3268,Auburn,0.5851,Texas
17,Texas Tech,Big 12,5,0,5,True,12.5153,3.6229,2.6306,39,1.547,5,12.2944,0.4555,0.363,2.6731,1.3455,0.4615,0.3754,0.1338,0.1036,5.9498,5.0712,32.4038,26.8182,4.7778,2.7895,0.4,25.6622,28.839,0.4831,2,160,81,0.8339,0.1661,0.1404,5.8,52.6,2.6,5.2469,4.6681,2.4691,1.8072,3.3935,1.0,-1.4281,22,-6.9805,2.333,2.4567,4.2032,1.0508,0,4.2032,0.8406,5,0.7849,1.4938,Houston,,
18,Wisconsin,Big Ten,4,1,5,True,12.3839,8.7324,2.7809,29,1.7086,15,11.0113,0.4064,0.3801,2.7826,1.3696,0.3837,0.3603,0.1279,0.0699,6.4574,4.3309,30.6304,26.6087,4.4286,4.2,-0.4,28.1124,37.68,0.5373,2,148,80,0.8112,-0.0112,-0.0214,6.2,51.2,-21.4,5.1661,4.2981,3.321,3.7931,3.6728,1.6,-0.6129,17,-3.9133,2.2369,2.29,3.4898,1.1633,0.6737,2.8161,0.5632,17,0.9255,1.2392,Penn State,0.6737,Notre Dame
19,Arizona,Big 12,4,1,5,True,12.2605,6.6668,3.003,16,1.9414,26,10.662,0.4661,0.3765,3.3571,1.3095,0.5052,0.3387,0.1429,0.0887,6.4843,4.7782,27.2857,25.9048,4.963,2.7333,-0.8,28.9895,31.9153,0.4048,0,148,69,0.8592,-0.0592,-0.0299,5.6,54.0,-12.4,4.9342,4.6681,2.6316,2.2388,3.3935,1.0,-8.6382,72,-21.2118,1.8849,2.6328,2.9004,0.9668,0.8364,2.064,0.4128,28,0.7852,1.4521,Cincinnati,0.8364,BYU
20,New Mexico,Mountain West,4,1,5,True,11.7789,9.2715,2.8029,26,1.783,17,11.8666,0.4164,0.3528,3.6579,0.6857,0.4405,0.2791,0.1322,0.0872,6.1366,4.4244,42.2368,23.6,4.3704,1.6667,3.6,29.4934,38.125,0.5774,0,155.0,24.0,0.9881,-0.1881,-0.1658,5.8,44.8,24.0,6.6667,5.7638,3.9216,1.5789,2.6029,0.6,-17.8496,105,-17.3685,1.5562,3.1017,2.607,0.869,1.2048,1.4022,0.2804,38,0.6621,1.1889,Central Michigan,1.2048,Oklahoma
21,USC,Big Ten,5,1,6,True,11.1708,11.9065,3.5764,7,2.6092,70,9.5009,0.4958,0.4245,3.9574,2.4783,0.5128,0.4122,0.1425,0.1075,6.9003,5.9176,30.5106,25.3913,5.2121,5.35,-0.1667,27.0484,34.6601,0.5019,1,210,114,0.8097,0.0237,0.1217,6.8333,60.8333,-18.6667,4.5822,4.2981,2.4259,4.0134,3.6728,1.8333,-1.6936,24,-2.9377,2.2013,2.348,5.7531,1.1506,0.9695,4.7835,0.7973,10,1.0777,1.3965,Fresno State,0.9695,Oregon
22,Boise State,Pac-12,4,1,5,True,10.8644,7.2599,2.9188,20,1.9781,27,11.0253,0.466,0.3732,3.1458,1.7885,0.4923,0.3465,0.1207,0.1496,6.5697,6.8386,26.3125,31.25,4.7241,3.4286,0.6,30.8452,37.157,0.5759,3,165,96,0.7831,0.0169,0.0288,4.8,46.8,11.0,2.9412,4.8629,2.0588,3.9711,2.9651,2.0,-1.1424,20,0.9971,2.3193,2.4182,3.3427,1.1142,0.948,2.3947,0.4789,22,0.8471,1.3775,Memphis,0.948,Oregon
23,UCF,Big 12,3,2,5,True,10.6884,1.9935,2.4853,52,1.5598,6,11.8067,0.3925,0.3785,2.4,1.5385,0.3831,0.3882,0.1331,0.0839,5.8266,4.941,31.44,29.8462,4.8182,2.92,1.0,27.8629,34.5172,0.4885,0,127,82.0,0.7382,-0.1382,-0.2094,7.0,54.2,11.4,6.6176,4.6681,3.6765,2.8409,3.3935,1.6,0.329,14,-5.9485,2.4114,2.3829,2.2105,1.1052,1.5757,0.6348,0.127,45,0.918,1.2743,Georgia State,0.8967,Houston
24,Baylor,Big 12,4,1,5,True,10.4455,5.9359,2.7212,33,1.8168,19,12.7488,0.4347,0.384,2.9057,1.1698,0.4193,0.3397,0.1242,0.1026,5.9286,4.6571,34.4528,26.0377,4.4643,3.2632,0.4,21.6366,25.4123,0.4619,0,154,62.0,0.8963,-0.0963,-0.0933,7.4,67.2,-4.8,3.4682,4.6681,2.6012,3.9039,3.3935,1.8,-7.5416,62,-11.0326,1.8656,2.5186,3.1474,1.0491,1.063,2.0844,0.4169,27,0.7893,1.1153,Louisiana Tech,1.063,Auburn
25,Kentucky,SEC,4,1,5,True,10.4062,6.9619,2.7442,31,1.8432,24,11.6639,0.4825,0.4141,2.9583,2.2653,0.5071,0.4295,0.15,0.0951,6.525,5.1836,28.2292,30.0204,5.4348,4.44,1.0,28.7214,35.4696,0.5026,1,163,128,0.6394,0.1606,0.1531,5.4,51.8,-13.2,3.0508,5.1166,1.6949,3.3537,3.425,2.0,4.4747,6,-7.319,2.9287,2.5412,3.4274,1.1425,0.57,2.8574,0.5715,16,0.9331,1.2604,Texas A&M,0.57,Alabama
26,Virginia Tech,ACC,4,1,5,True,9.1886,6.7394,3.1217,14,2.3261,50,11.9114,0.4687,0.3999,3.4565,1.7333,0.4759,0.347,0.131,0.1279,6.4207,4.9589,34.6522,30.1778,5.0385,4.3333,-1.0,25.6862,31.1626,0.4476,0,175,81,0.8612,-0.0612,-0.0503,7.6,65.6,-5.4,4.4872,4.9999,1.2821,4.1322,4.0324,1.4,-14.864,101,-25.9705,1.4674,2.7544,2.6637,0.8879,0.7029,1.9608,0.3922,30,0.7658,1.0188,Maryland,0.7029,Pittsburgh
27,North Dakota State,Mountain West,5,0,5,True,8.7951,2.239,2.6023,43,1.8408,23,11.0587,0.386,0.4084,3.186,0.878,0.4317,0.375,0.1403,0.0804,6.1691,4.4018,28.7209,27.9512,5.125,2.7692,1.6,28.8309,34.6364,0.5614,3,158,42,0.9585,0.0415,0.0512,6.4,54.2,3.0,4.3771,5.7638,3.0303,4.1841,2.6029,1.4,-17.1075,104,-20.9142,1.5251,3.0064,3.8404,0.9601,0,3.8404,0.7681,12,0.7172,1.2441,Air Force,,
28,Florida State,ACC,3,2,5,True,7.7302,6.9564,2.9862,18,2.3168,49,10.9472,0.4444,0.4392,3.383,2.2444,0.4585,0.4425,0.1697,0.115,7.0397,6.0105,27.1277,26.3556,5.5769,3.35,-0.4,27.852,32.1009,0.5941,0,159,108,0.7144,-0.1144,-0.1347,6.6,66.4,-4.4,5.2632,4.9999,2.6316,3.2362,4.0324,1.6,-4.2787,39,-10.3488,2.2909,2.6613,1.9749,0.9875,1.6378,0.3372,0.0674,46,0.8625,1.1592,Virginia,1.0873,SMU
29,Penn State,Big Ten,3,2,5,True,7.1415,9.12,2.2646,60,1.6462,10,12.3381,0.3872,0.3803,2.3333,1.4565,0.3992,0.3682,0.125,0.1004,6.0847,5.0795,31.9583,24.9783,4.2609,3.75,1.2,26.6895,34.0606,0.5161,0,119,67.0,0.796,-0.196,-0.2379,4.8,47.2,5.8,3.0888,4.2981,1.5444,2.7668,3.6728,1.4,-2.3183,29,-13.3427,2.3752,2.5759,2.7652,0.9217,1.8886,0.8765,0.1753,44,0.9636,1.1758,Marshall,1.0227,Northwestern
30,Auburn,SEC,3,2,5,True,5.9488,3.101,2.3386,56,1.8235,22,11.3052,0.4252,0.3882,2.16,1.9815,0.4214,0.3932,0.1338,0.0769,5.5886,4.8946,26.1,28.5926,4.6957,3.5769,-0.2,22.4816,24.3301,0.4693,0,127,107,0.6002,-0.0002,-0.0302,7.6,64.6,2.6,4.9536,5.1166,3.7152,4.6632,3.425,3.0,4.8916,5,-0.28,2.6834,2.2599,3.2843,1.0948,1.8081,1.4761,0.2952,37,1.0754,1.4357,Baylor,0.9998,Tennessee
31,NC State,ACC,3,2,5,True,5.6376,9.2762,2.9935,17,2.5053,60,11.7762,0.4556,0.4414,3.4,2.3469,0.4702,0.4387,0.1439,0.1462,6.5123,6.4901,29.4222,28.1429,5.1481,4.5789,0.0,28.1649,35.0183,0.4472,0,153,125,0.6175,-0.0175,-0.1027,5.4,51.2,2.4,4.3189,4.9999,2.3256,3.3457,4.0324,1.6,-6.9339,60,-14.5778,2.0681,2.6684,2.3485,1.1742,2.4544,-0.1059,-0.0212,58,0.7808,1.2939,App State,1.2804,Virginia
32,SMU,ACC,4,1,5,True,5.0031,6.55,2.6894,35,2.2562,47,11.6284,0.4873,0.403,3.1042,2.0,0.5204,0.3763,0.1463,0.1219,7.034,5.2115,31.1667,24.6735,4.4138,3.8889,-0.8,25.7075,29.2769,0.4858,0,159,105,0.7278,0.0722,0.0753,7.8,73.8,-6.4,5.3628,4.9999,0.6309,4.2208,4.0324,2.2,-8.9787,75,-22.6369,2.0125,2.79,2.921,0.9737,1.4246,1.4964,0.2993,36,0.6799,1.2617,Florida State,1.4246,Louisville
33,Iowa,Big Ten,4,1,5,True,4.9995,8.4585,2.2536,62,1.8207,20,11.7205,0.4246,0.3839,2.5581,1.5366,0.4426,0.3818,0.127,0.1091,6.1967,5.4591,29.8372,25.5366,4.5714,3.8462,0.4,26.832,33.1127,0.4113,0,124,63,0.8327,-0.0327,-0.0782,5.8,49.4,3.6,5.6604,4.2981,4.5283,0.8403,3.6728,0.4,-5.2679,48,-17.1804,2.2434,2.6995,3.2404,1.0801,0.8946,2.3457,0.4691,23,0.8379,1.2791,Michigan,0.8946,Ohio State
34,Texas A&M,SEC,3,2,5,True,4.8058,8.6893,2.6252,40,2.209,44,11.286,0.4299,0.403,2.6809,2.1628,0.43,0.4104,0.1067,0.1557,5.0333,6.6321,32.9787,27.5116,4.7308,4.6,0.4,28.61,36.3173,0.5544,0,142,93,0.7317,-0.1317,-0.1809,5.0,40.8,6.6,4.878,5.1166,2.7439,2.1552,3.425,0.6,0.6462,12,-6.7242,2.3983,2.3424,2.9117,0.9706,1.7564,1.1553,0.2311,42,1.0155,1.0963,Arizona State,0.8909,LSU
35,Virginia,ACC,3,2,5,True,4.6501,10.5352,2.5168,49,2.1141,32,11.807,0.435,0.4196,3.0682,2.0244,0.4943,0.4045,0.1132,0.1182,6.0302,5.4182,29.7955,27.2195,5.2632,4.75,1.2,28.4868,35.0426,0.5455,0,142,83,0.7812,-0.1812,-0.2166,5.4,49.0,4.0,3.2374,4.9999,1.4388,3.75,4.0324,1.4,-7.6003,63,-17.123,2.2447,2.9028,2.0851,1.0425,2.4411,-0.3561,-0.0712,63,0.734,1.2154,NC State,1.2905,West Virginia
36,South Carolina,SEC,2,3,5,True,4.6128,11.5593,2.5813,45,2.1819,42,11.7284,0.4228,0.412,2.7111,2.2857,0.434,0.4235,0.1285,0.1255,6.5694,5.749,25.3333,28.102,4.1364,4.9412,-1.2,24.4722,27.6824,0.5243,0,146,127,0.5819,-0.1819,-0.2905,6.4,59.6,-1.6,6.3898,5.1166,3.1949,2.8571,3.425,1.4,-0.2745,16,-27.4688,2.5057,2.5295,0.9086,0.9086,2.1202,-1.2116,-0.2423,70,0.9727,0.9086,Kent State,0.8268,Kentucky
37,Louisville,ACC,2,3,5,True,4.4137,2.2962,2.8342,25,2.452,57,12.355,0.4486,0.3842,3.1964,2.6415,0.4848,0.4146,0.1852,0.1203,7.5185,6.1646,28.1607,27.1509,4.5769,4.5417,0.8,26.8687,33.2874,0.5217,1,179,143,0.63,-0.23,-0.2596,7.8,82.4,-11.4,5.0,4.9999,1.5625,4.6512,4.0324,2.6,-1.6636,23,-15.9652,2.5054,2.6495,1.4009,1.4009,2.9708,-1.5699,-0.314,74,0.9068,1.4009,SMU,1.2071,NC State
38,Cincinnati,Big 12,4,1,5,True,4.2938,7.1613,2.6615,37,2.2897,48,11.3316,0.432,0.454,3.1556,2.1111,0.4652,0.4419,0.1355,0.1229,6.8059,5.7508,29.6222,25.4,5.12,3.8261,1.0,27.4835,33.3452,0.5175,1,142,102,0.6866,0.1134,0.0907,7.2,66.4,-14.6,4.4828,4.6681,2.069,3.9157,3.3935,1.8,-5.2037,46,-15.7248,2.2572,2.7078,3.1564,1.0521,1.0153,2.1411,0.4282,26,0.7999,1.3301,Kansas State,1.0153,Arizona
39,Georgia State,Sun Belt,4,1,5,True,3.8124,4.5663,2.8841,24,2.554,66,12.0777,0.4554,0.4281,3.3125,1.8478,0.4781,0.372,0.1606,0.144,7.0766,5.488,29.7083,31.1957,5.1111,3.087,-0.6,27.5182,32.1892,0.5393,1,166,92,0.802,-0.002,-0.0492,6.6,60.6,-14.0,4.7945,5.5611,2.3973,3.0534,2.6995,1.2,-15.9469,103,-15.5021,1.485,2.8658,2.1962,0.7321,1.1295,1.0667,0.2133,43,0.5993,0.7718,Northern Illinois,1.1295,UCF
40,Memphis,American,4,1,5,True,3.7606,3.5612,2.786,27,2.4604,58,11.5961,0.4591,0.4354,3.3137,1.9783,0.5102,0.4088,0.1769,0.146,8.1633,6.7263,23.2745,25.0652,5.1538,3.45,0.6,25.5102,29.3444,0.55,1,172,98,0.7914,0.0086,0.0159,4.8,44.8,13.6,3.4483,5.1342,1.8809,2.6936,3.2964,1.6,-13.753,96,-10.7333,1.7149,2.9057,2.719,0.9063,0.9567,1.7622,0.3524,32,0.729,1.1758,UNLV,0.9567,Boise State
41,James Madison,Sun Belt,5,0,5,True,3.2894,3.5503,2.5087,50,2.2238,45,12.0369,0.428,0.3925,3.04,1.2453,0.4574,0.3237,0.1277,0.0833,6.3582,4.7821,33.36,26.3585,5.0,3.3158,0.8,24.6915,25.8387,0.5536,1,186,66,0.921,0.079,0.0523,6.6,70.6,4.0,6.25,5.5611,2.3026,2.849,2.6995,2.0,-18.6378,106,-20.5637,1.3593,2.9731,4.0522,1.0131,0,4.0522,0.8104,7,0.7567,1.2759,Liberty,,
42,TCU,Big 12,2,3,5,True,3.2305,3.508,1.9867,76,1.7069,14,11.5827,0.401,0.3806,2.1064,1.413,0.4286,0.3704,0.102,0.0823,5.6667,4.7695,30.3404,27.1087,3.8077,4.3333,-0.4,29.0918,35.2288,0.518,1,106,67,0.7479,-0.3479,-0.4199,6.6,60.2,-26.4,4.2623,4.6681,1.9672,4.2636,3.3935,2.2,-3.8187,35,-15.3108,2.2884,2.619,0.9341,0.9341,3.0504,-2.1163,-0.4233,81,0.8049,0.9341,Arkansas State,1.2868,North Carolina
43,Clemson,ACC,3,2,5,True,2.9693,4.7175,1.7875,86,1.5304,4,11.8641,0.3767,0.4,1.537,1.7255,0.3562,0.4233,0.1027,0.12,5.0685,5.2667,29.7963,25.3725,3.3043,3.3636,-0.6,25.4863,26.5702,0.4644,1,90,109,0.3884,0.2116,0.2628,7.0,64.0,-2.8,4.7619,4.9999,2.5397,4.375,4.0324,2.2,8.3462,2,8.9027,2.8515,2.1289,3.02,1.0067,1.5038,1.5162,0.3032,34,1.0826,1.1417,North Carolina,0.8972,LSU
44,Fresno State,Pac-12,4,1,5,True,2.8874,11.3319,2.2696,59,2.0196,29,11.8451,0.3872,0.422,2.4792,1.3542,0.3904,0.3859,0.1474,0.0871,6.1394,5.39,36.6875,21.3125,4.16,4.1111,1.6,29.9562,37.037,0.491,2,122,72,0.7773,0.0227,0.0226,5.0,35.2,8.6,5.2434,4.8629,2.6217,1.9608,2.9651,0.4,-9.269,77,-8.0383,1.9062,2.7088,3.3406,0.8352,0.7596,2.581,0.5162,20,0.8817,1.1865,San José State,0.7596,USC
45,Liberty,CUSA,4,1,5,True,2.8056,8.2463,2.2897,58,2.0468,30,11.2458,0.4428,0.3837,2.6735,1.1522,0.469,0.3145,0.1448,0.1008,6.7655,4.6048,32.3061,26.4783,3.8148,3.0714,0.6,30.4621,36.7471,0.6013,0,131,67,0.8305,-0.0305,0.0195,8.8,79.6,-1.0,6.6456,5.3997,3.1646,4.6099,3.0427,2.0,-13.3786,92,-12.8291,1.6333,2.7917,2.0389,0.6796,0.7546,1.2843,0.2569,40,0.6395,0.8365,Delaware,0.7546,James Madison
46,Michigan,Big Ten,3,2,5,True,2.5671,4.3724,2.089,71,1.8667,25,10.9378,0.4208,0.3613,1.8889,1.3469,0.4183,0.3407,0.1065,0.0806,5.2852,4.2601,27.1778,28.6939,4.1579,3.1053,-0.8,30.1255,33.4673,0.5842,2,108,76,0.6969,-0.0969,-0.1089,7.6,66.4,-30.4,6.993,4.2981,4.5455,4.0816,3.6728,2.0,-1.7058,25,-4.6593,2.0664,2.2141,3.0796,1.0265,1.8985,1.1811,0.2362,41,1.0204,1.265,Oklahoma,0.9537,Minnesota
47,North Texas,American,3,2,5,True,2.2845,8.9426,3.3442,10,3.1464,97,11.7265,0.4753,0.4689,3.587,3.0851,0.4796,0.4511,0.1667,0.1165,7.5952,5.8835,28.0,34.1489,5.0333,5.087,0.0,26.3333,31.0202,0.4558,0,179,151,0.5994,0.0006,-0.0204,9.2,74.2,-21.8,6.2112,5.1342,3.4161,3.169,3.2964,1.6,-3.9995,37,-4.2067,2.0902,2.4365,2.3594,1.1797,2.1755,0.1838,0.0368,51,0.8345,1.2002,UNLV,1.4057,Texas State
48,Michigan State,Big Ten,2,3,5,True,1.534,8.4721,2.2942,57,2.1614,40,10.3,0.4526,0.3837,1.9556,2.6364,0.4304,0.3941,0.0809,0.1041,4.6472,5.6691,30.0444,29.9318,3.6667,4.3158,-0.8,27.5987,33.6585,0.5738,0,91,116,0.36,0.04,0.04,3.2,34.0,7.4,1.8576,4.2981,0.9288,2.4476,3.6728,1.4,10.3989,1,7.6417,2.9233,2.0229,2.4145,1.2072,2.2176,0.1969,0.0394,50,1.2358,1.3578,Toledo,0.8415,Wisconsin
49,Toledo,MAC,4,1,5,True,1.3745,7.0189,2.686,36,2.567,67,12.434,0.4148,0.3942,3.2083,2.04,0.4483,0.3556,0.1483,0.088,7.0759,5.0246,32.7292,31.04,4.4444,3.625,0.4,23.8276,29.3846,0.5562,1,184,115.0,0.7529,0.0471,0.0322,6.6,55.4,-21.2,4.5752,4.8487,0.9804,3.6545,3.634,1.6,-12.7785,90,-11.9541,1.8118,2.9183,2.6665,0.8888,1.1682,1.4983,0.2997,35,0.68,1.0536,San Diego State,1.1682,Michigan State
50,Maryland,Big Ten,2,3,5,True,1.3085,7.5981,2.4437,53,2.3304,51,11.925,0.4058,0.4167,2.5833,2.4444,0.4148,0.4262,0.1222,0.1148,6.2111,5.4836,31.8542,31.1111,4.3478,6.3571,0.0,23.2963,29.3494,0.414,0,124,131,0.4675,-0.0675,-0.1039,7.4,69.2,10.8,4.7782,4.2981,2.0478,6.4982,3.6728,2.8,-2.7959,32,-14.6599,2.3461,2.5882,0.7669,0.7669,2.3952,-1.6283,-0.3257,75,0.8952,0.7669,UConn,0.966,Virginia Tech
51,Iowa State,Big 12,3,2,5,True,1.2736,3.6197,2.5571,46,2.4469,56,11.9309,0.4107,0.423,2.7647,2.0,0.4197,0.3878,0.135,0.1065,6.4453,5.7034,27.6471,30.0377,4.7083,4.7222,0.4,29.0,35.0,0.5699,0,155,106,0.7111,-0.1111,-0.1487,5.2,51.0,4.8,4.4369,4.6681,1.3652,2.8169,3.3935,1.0,-5.8325,53,-15.6631,1.9587,2.4637,2.0627,1.0314,1.7588,0.304,0.0608,47,0.8565,1.1444,West Virginia,0.9349,Iowa
52,UTSA,American,4,1,5,True,1.0278,2.5699,2.2373,63,2.1484,37,11.5872,0.4178,0.408,2.6327,2.1346,0.4576,0.4023,0.122,0.0729,5.9627,5.1749,31.3673,28.25,4.087,4.16,0.8,25.3492,28.1493,0.4667,0,143,121,0.5977,0.2023,0.1943,8.8,90.8,-13.0,7.9511,5.1342,3.0581,3.2432,3.2964,2.2,-6.6367,58,-5.8711,2.2785,2.8531,2.7274,0.9091,0.5703,2.1571,0.4314,25,0.8023,1.003,Texas State,0.5703,Texas
53,Texas State,Pac-12,2,3,5,True,0.9794,7.922,2.9138,22,2.829,83,11.3649,0.4625,0.4592,3.2128,2.6889,0.4873,0.4521,0.1329,0.1287,7.0158,6.099,26.4681,29.6,4.36,4.1154,-0.8,24.1234,28.626,0.5662,1,160,142,0.5702,-0.1702,-0.1279,6.4,58.4,15.6,3.2934,4.8629,2.0958,4.2683,2.9651,2.0,-3.6866,34,-2.1803,2.1449,2.4641,1.2933,1.2933,2.7976,-1.5043,-0.3009,73,0.9189,1.2933,North Texas,1.3293,San Diego State
54,Louisiana,Sun Belt,4,1,5,True,0.886,8.0022,2.1911,67,2.1144,33,11.6639,0.39,0.4094,2.7333,1.5682,0.4353,0.3929,0.1115,0.1071,5.5899,4.8413,32.4222,26.5227,5.125,4.3125,0.6,29.6655,33.7692,0.6316,5,123,97,0.6371,0.1629,0.0751,5.8,48.4,9.8,5.6106,5.5611,3.6304,1.8868,2.6995,0.8,-11.4744,86,-12.2394,1.96,2.9535,2.5585,0.8528,0.7721,1.7864,0.3573,31,0.7333,1.0176,UAB,0.7721,USC
55,Florida Atlantic,American,4,1,5,True,0.6251,7.762,2.5925,44,2.5384,62,11.4943,0.433,0.409,3.275,2.1429,0.4704,0.375,0.0976,0.1466,6.0383,6.2241,31.625,27.9762,4.7826,3.4118,1.0,21.8118,24.8706,0.3922,1,162,92,0.7926,0.0074,0.1111,7.4,63.6,-4.2,5.7692,5.1342,3.5256,3.6,3.2964,1.6,-14.4704,100,-16.0186,1.9182,3.1711,2.3483,0.7828,0.8186,1.5297,0.3059,33,0.6854,0.9979,Florida International,0.8186,Florida
56,Jacksonville State,CUSA,3,2,5,True,0.4597,5.374,2.6165,42,2.5767,68,9.9205,0.4447,0.4647,3.1176,2.2895,0.4848,0.438,0.1299,0.1168,6.8398,5.3102,26.0,24.2105,4.7222,4.0,-0.6,28.7619,,,0,123,106,0.5872,0.0128,-0.0322,5.8,51.0,14.6,3.6885,5.3997,0.4098,3.6545,3.0427,1.4,-10.7978,82,-9.5702,1.9965,2.9314,1.7359,0.8679,1.9528,-0.2169,-0.0434,60,0.7594,0.9071,Georgia Southern,1.2067,Ohio
57,Minnesota,Big Ten,4,1,5,True,0.4494,8.3514,2.2162,65,2.1773,41,11.5141,0.4349,0.4085,2.4468,1.7273,0.4485,0.3956,0.1213,0.1111,5.2868,4.9556,35.9362,23.8409,4.2593,5.4286,0.6,32.0147,40.3333,0.4939,2,136,83,0.7632,0.0368,0.0037,5.4,49.0,1.4,4.0956,4.2981,2.7304,2.8926,3.6728,1.4,-8.8107,73,-14.9055,1.9691,2.732,3.1438,1.0479,0.8131,2.3307,0.4661,24,0.835,1.2791,Michigan,0.8131,Mississippi State
58,Purdue,Big Ten,2,3,5,True,-0.0735,8.8551,2.7859,28,2.7923,82,10.3264,0.4607,0.449,2.9756,3.2308,0.4799,0.4845,0.1465,0.1938,6.4872,6.7093,25.6098,27.8974,4.4231,4.8462,-0.2,28.5495,35.0,0.47,1,142,148,0.4755,-0.0755,-0.0173,7.2,57.8,-1.6,4.8443,4.2981,2.7682,5.0542,3.6728,2.2,3.4199,7,2.9239,2.7108,2.4147,1.0457,1.0457,2.2289,-1.1832,-0.2366,69,0.9781,1.0457,Illinois,0.8627,Wake Forest
59,West Virginia,Big 12,3,2,5,True,-0.1064,5.7619,2.7308,32,2.74,75,12.135,0.4206,0.4839,3.0185,2.4909,0.4409,0.4744,0.1342,0.1571,6.6198,6.9808,30.8148,26.4,5.1923,4.0385,0.2,22.7348,24.4595,0.7196,1,163,144,0.5729,0.0271,-0.0501,5.8,45.8,19.2,4.5181,4.6681,3.6145,3.2738,3.3935,2.0,-8.1227,68,-17.0555,1.9924,2.6958,1.7461,0.8731,2.18,-0.4338,-0.0868,64,0.7192,1.1778,Virginia,1.1657,Iowa State
60,Georgia Southern,Sun Belt,2,3,5,True,-0.2718,4.3918,2.5249,48,2.5485,64,12.0364,0.4178,0.413,2.48,2.1875,0.4361,0.4007,0.1115,0.1086,5.8066,5.2584,26.44,31.2083,4.4783,4.7727,0.6,27.7443,33.0,0.354,0,124,119,0.5244,-0.1244,-0.1244,7.0,63.2,6.8,4.5455,5.5611,2.1212,4.1379,2.6995,2.2,-5.6955,51,-3.6304,1.9509,2.444,0.6087,0.6087,3.0283,-2.4196,-0.4839,84,0.7482,0.6087,Coastal Carolina,1.194,Jacksonville State
61,UConn,FBS Indep.,2,3,5,True,-1.2485,10.1893,2.4421,54,2.5502,65,11.9004,0.3968,0.4531,2.9348,2.2174,0.4349,0.4301,0.145,0.0932,6.4201,5.7097,30.3913,31.7391,4.5455,3.52,-0.4,25.1078,32.2674,0.5247,0,152,110,0.6828,-0.2828,-0.2799,8.8,81.8,-29.8,6.1856,4.6137,2.0619,3.7288,2.3339,2.2,-11.5404,88,-11.5404,1.9195,2.9187,0.7439,0.7439,4.1315,-3.3875,-0.6775,91,0.5687,0.7439,Southern Miss,1.4284,Miami (OH)
62,South Florida,American,4,1,5,True,-1.782,4.2949,2.2326,64,2.3869,54,10.6289,0.4417,0.4455,2.7955,1.6222,0.4963,0.402,0.1185,0.1014,5.6593,5.152,30.9773,27.4889,5.2727,3.6667,0.4,29.2444,37.8947,0.619,0,123,73,0.775,0.025,-0.0056,5.0,35.0,13.6,4.8276,5.1342,3.4483,2.2222,3.2964,0.8,-14.8789,102,-23.655,1.6581,2.9464,2.8144,0.9381,1.5081,1.3063,0.2613,39,0.6445,0.9973,Florida International,1.5081,Temple
63,Washington,Big Ten,3,2,5,True,-1.9042,4.5119,2.0288,74,2.1937,43,11.9412,0.4087,0.4039,2.3208,1.6226,0.4321,0.3707,0.1289,0.085,6.1568,4.8844,28.9434,28.3208,4.8333,3.7619,1.0,27.3693,35.3267,0.4537,0,123,92,0.6656,-0.0656,-0.1055,8.2,77.8,-24.0,4.5752,4.2981,2.2876,6.7278,3.6728,3.2,-9.5407,78,-19.7745,1.9107,2.7367,1.6807,0.8403,1.6786,0.0021,0.0004,56,0.8,0.9332,Utah State,0.9333,Minnesota
64,Western Michigan,MAC,3,2,5,True,-2.1194,8.6407,1.9529,78,2.1364,36,10.2847,0.4211,0.4504,2.2439,1.7073,0.4118,0.4307,0.0784,0.1011,5.0235,5.0262,29.2927,26.878,4.381,3.7059,0.6,32.498,38.0769,0.5714,3,95,76,0.6292,-0.0292,-0.0044,5.0,47.4,11.4,2.5735,4.8487,1.8382,2.1583,3.634,1.2,-10.2911,80,-7.7984,1.9705,2.8616,1.4932,0.7466,1.9765,-0.4833,-0.0967,65,0.7097,0.8124,Rice,1.0695,Michigan
65,Massachusetts,MAC,4,1,5,True,-2.2385,16.9219,2.3483,55,2.5422,63,11.1504,0.4001,0.4442,3.1795,1.4474,0.4444,0.3917,0.1435,0.0737,6.4444,4.1797,37.1538,27.4474,4.4,3.6667,1.6,31.5046,34.1781,0.5474,1,145,55,0.9087,-0.1087,0.0018,7.4,66.6,-7.8,7.173,4.8487,2.9536,4.5833,3.634,1.8,-22.7383,107,-27.8708,1.2533,3.2221,1.4653,0.7326,1.3206,0.1447,0.0289,52,0.4274,0.7494,Rutgers,1.3206,Eastern Michigan
66,Colorado,Big 12,2,3,5,True,-2.4592,3.5652,1.8412,82,2.0541,31,12.2491,0.4051,0.3696,1.66,2.0408,0.4034,0.3692,0.1345,0.1219,5.7276,4.9498,26.44,35.5714,2.7333,3.7308,-1.2,24.7966,29.8214,0.537,0,83,114,0.3204,0.0796,0.0767,9.0,82.6,-22.8,3.9088,4.6681,1.6287,5.414,3.3935,2.8,-1.8658,26,-10.7632,2.3296,2.4912,0.7485,0.7485,2.5529,-1.8044,-0.3609,78,0.8625,0.7485,Georgia Tech,0.9461,Northwestern
67,Vanderbilt,SEC,3,2,5,True,-2.8348,2.6035,2.1411,69,2.3865,53,10.5046,0.4135,0.4129,2.1667,2.3125,0.4233,0.4149,0.1133,0.1206,5.79,5.5851,29.3958,27.5625,3.913,4.6667,0.0,29.5333,37.9636,0.5089,1,127,125,0.5094,0.0906,0.0906,9.0,65.6,-27.4,8.1081,5.1166,4.8048,3.3445,3.425,1.8,0.3996,13,-9.9177,2.4487,2.4141,2.0649,1.0325,1.7889,0.276,0.0552,49,0.8513,1.2035,NC State,1.0379,Auburn
68,Tulsa,American,3,2,5,True,-3.1707,9.3137,1.8409,83,2.1154,34,11.7768,0.3733,0.3787,2.1538,1.9038,0.3912,0.3821,0.0986,0.0985,5.2687,5.3761,29.6538,26.2115,4.7143,3.8333,1.2,24.7211,32.18,0.4742,0,125,106,0.5965,0.0035,-0.0553,5.4,50.0,5.6,3.871,5.1342,0.6452,3.6111,3.2964,2.0,-7.9071,66,-10.455,2.1229,2.8075,2.2865,1.1432,2.531,-0.2445,-0.0489,62,0.755,1.5247,Oklahoma State,1.3489,Arkansas
69,UNLV,Mountain West,3,2,5,True,-3.5221,7.772,1.8478,81,2.1527,39,12.1959,0.3574,0.4024,2.1852,1.8947,0.3728,0.3898,0.122,0.131,6.2439,5.6422,30.2593,26.8421,3.9524,3.44,0.0,27.0523,32.6214,0.505,2,125,108,0.5858,0.0142,0.0659,6.8,67.0,7.8,5.1118,5.7638,1.5974,3.8012,2.6029,2.2,-7.7275,64,-5.5833,2.218,2.8871,2.5007,0.8336,2.2201,0.2807,0.0561,48,0.8527,1.0091,California,1.1952,North Texas
70,Miami (OH),MAC,2,3,5,True,-4.5497,10.8462,2.4873,51,2.8813,86,10.535,0.3987,0.4772,2.7143,2.7111,0.4262,0.4577,0.1646,0.0962,7.0169,6.4077,34.119,25.5556,4.1667,4.5625,-0.2,30.6076,38.2609,0.4591,0,131,125,0.5277,-0.1277,-0.0494,6.8,60.6,-16.4,5.814,4.8487,2.3256,4.0,3.634,2.0,-8.4933,71,-6.1401,1.979,2.7144,0.7801,0.7801,2.9635,-2.1834,-0.4367,83,0.7922,0.7801,UConn,1.4364,Bowling Green
71,Illinois,Big Ten,2,3,5,True,-4.9872,5.0511,2.6351,38,3.067,94,9.8058,0.457,0.4662,3.0526,3.1538,0.4885,0.4669,0.1298,0.1185,6.4237,6.0836,27.5263,25.9231,4.0,5.1364,-0.2,28.2748,33.8837,0.5068,0,140,123,0.5761,-0.1761,-0.1953,4.6,43.2,24.4,3.5587,4.2981,0.0,3.1949,3.6728,1.8,-2.3408,30,-11.4217,2.3314,2.5341,1.0951,1.0951,2.8541,-1.759,-0.3518,76,0.8713,1.0951,UAB,1.2985,Purdue
72,Ohio,MAC,3,2,5,True,-5.1827,2.2933,2.5446,47,2.9933,89,10.0768,0.418,0.451,2.8372,2.9111,0.4498,0.4272,0.1142,0.1192,5.8097,5.7649,30.7442,28.3111,4.32,5.0,-0.6,30.2907,38.4062,0.547,2,134,134,0.5,0.1,0.1,4.8,44.4,11.0,3.3557,4.8487,1.6779,3.1056,3.634,1.8,-8.0152,67,-6.0668,1.9962,2.6902,2.0713,1.0357,1.9888,0.0825,0.0165,54,0.8154,1.1984,Jacksonville State,1.2617,South Alabama
73,Temple,American,2,3,5,True,-5.9942,7.994,2.2596,61,2.7786,80,9.7276,0.4005,0.4554,2.4524,2.619,0.4237,0.4467,0.1412,0.1233,6.3893,5.6,27.0238,30.3571,3.6818,4.7826,0.2,30.7252,35.2812,0.6407,1,123.0,124,0.4952,-0.0952,-0.1234,4.2,33.4,4.2,3.9568,5.1342,2.518,2.4922,3.2964,1.2,-4.7792,43,-8.2262,2.1569,2.5707,1.3603,1.3603,3.52,-2.1597,-0.4319,82,0.7973,1.3603,South Florida,1.3952,Army
74,South Alabama,Sun Belt,3,2,5,True,-7.1767,1.6108,2.6203,41,3.2417,99,11.5656,0.383,0.4832,3.2308,3.0204,0.4324,0.4788,0.1261,0.1583,6.2012,7.4981,31.9808,29.0816,5.1852,5.2917,1.2,27.952,33.5088,0.601,3,177,151,0.593,0.007,0.0331,6.0,51.8,-12.2,5.5866,5.5611,1.9553,2.2472,2.6995,1.2,-10.8935,84,-8.0618,1.9656,2.9088,1.9227,0.9614,2.0727,-0.15,-0.03,59,0.7721,1.2458,Ohio,1.2251,Tulane
75,California,ACC,2,3,5,True,-7.6843,3.3887,2.0162,75,2.6816,73,11.7075,0.3834,0.4012,1.8909,2.3208,0.3762,0.363,0.0932,0.1164,5.4277,5.7123,27.7091,35.2453,3.3636,4.1304,0.2,25.2701,31.5044,0.4159,0,125,133,0.4633,-0.0633,-0.1088,9.4,86.8,-8.8,5.2941,4.9999,1.4706,7.1429,4.0324,3.6,-8.132,69,-14.9973,1.7775,2.4816,1.1124,1.1124,2.9011,-1.7888,-0.3578,77,0.8658,1.1124,Syracuse,1.16,UNLV
76,Arkansas State,Sun Belt,2,3,5,True,-8.4146,3.3596,2.1608,68,2.8894,87,10.1118,0.4473,0.4873,2.119,2.6591,0.4659,0.4821,0.1245,0.1429,6.0602,6.6393,30.619,25.6364,3.7273,4.6818,0.6,30.5984,36.5856,0.4851,0,103,117,0.4251,-0.0251,-0.115,4.4,35.4,18.8,3.7879,5.5611,1.8939,1.6667,2.6995,0.8,-8.9064,74,-11.3545,1.8557,2.6269,0.7944,0.7944,3.3834,-2.589,-0.5178,87,0.717,0.7944,Kennesaw State,1.4471,TCU
77,Eastern Michigan,MAC,3,3,6,True,-9.041,13.1486,1.9587,77,2.7415,76,10.9286,0.3804,0.4599,2.2222,2.037,0.3994,0.4226,0.0881,0.1161,4.8899,5.9387,26.2407,30.0926,5.5789,4.1739,0.3333,29.0126,35.375,0.4481,0,127,133,0.4727,0.0273,0.0708,4.3333,39.8333,27.0,4.1056,4.8487,1.7595,1.4793,3.634,0.8333,-10.7371,81,-10.2865,1.7383,2.6679,2.041,1.0205,3.1656,-1.1247,-0.1874,68,0.8251,1.2446,Massachusetts,1.1742,San José State
78,Rice,American,1,4,5,True,-9.6992,7.1423,2.2134,66,3.0532,91,10.5082,0.3921,0.4405,2.0233,3.0,0.4151,0.4246,0.0943,0.1548,5.3132,5.9325,27.1163,34.25,4.4,5.1364,-0.6,29.8189,34.0219,0.8154,0,90,127,0.3066,-0.1066,-0.0698,4.6,39.4,-5.6,3.6232,5.1342,2.5362,3.3835,3.2964,0.8,-0.1856,15,-0.489,2.194,2.2101,0.0,,3.6403,-3.6403,-0.7281,92,0.9198,,,1.2416,Western Michigan
79,Utah State,Pac-12,1,4,5,True,-9.7007,8.4786,1.5314,91,2.3714,52,11.3159,0.3594,0.4227,1.3462,2.1765,0.3584,0.4172,0.1039,0.0798,5.2043,5.3957,28.9038,28.6275,3.1111,3.7143,-1.2,26.7527,32.1724,0.473,1,70,125,0.2019,-0.0019,-0.0019,8.4,70.2,-18.6,8.125,4.8629,6.25,3.4884,2.9651,2.2,-0.8465,18,-3.7742,2.2544,2.3277,1.0471,1.0471,4.9394,-3.8923,-0.7785,94,0.8742,1.0471,Troy,2.1492,Idaho State
80,San Diego State,Pac-12,2,3,5,True,-9.712,4.6922,1.415,98,2.2559,46,11.7115,0.3319,0.4565,1.5192,2.2593,0.3192,0.4663,0.0962,0.1114,4.6462,5.9765,30.9038,28.9074,3.95,3.7241,-0.2,24.1,28.5761,0.5786,0,100.0,137,0.3217,0.0783,-0.0077,5.6,48.2,24.8,4.6263,4.8629,2.1352,1.662,2.9651,1.0,-4.5255,41,-5.9018,2.3744,2.7662,1.0773,1.0773,2.4819,-1.4046,-0.2809,72,0.9371,1.0773,Texas State,1.0539,Toledo
81,UAB,American,3,2,5,True,-9.9691,4.0964,1.7972,85,2.6604,72,10.5857,0.3954,0.4648,2.3043,2.0426,0.4408,0.434,0.0822,0.0903,5.2336,4.9861,31.7609,29.7021,3.6957,4.2381,0.2,29.5263,32.0667,0.5889,1,113,117,0.4794,0.1206,0.085,6.8,59.0,-34.4,4.6729,5.1342,1.2461,5.1118,3.2964,2.2,-14.1964,98,-15.6761,1.7937,3.0229,1.475,0.7375,2.4055,-0.9305,-0.1861,67,0.6267,0.7831,Navy,1.4101,Illinois
82,Central Michigan,MAC,3,2,5,True,-11.1984,8.0656,1.803,84,2.7727,79,10.6886,0.3676,0.4532,1.9737,2.325,0.3973,0.437,0.0776,0.1063,5.1279,5.437,28.3947,30.575,4.2308,3.875,0.0,31.6347,37.9167,0.717,3,75,93,0.3752,0.2248,0.3046,6.2,59.8,-0.8,3.5242,4.8487,0.8811,5.7762,3.634,2.8,-4.3363,40,-0.2468,2.1007,2.4761,1.6515,0.8258,1.6637,-0.0122,-0.0024,57,0.7973,0.9047,Wyoming,1.0778,New Mexico
83,Boston College,ACC,2,3,5,True,-11.7637,6.6621,1.4598,96,2.4783,59,11.016,0.373,0.4078,1.6226,2.25,0.388,0.3917,0.1405,0.0796,5.5418,4.879,29.1509,33.1346,2.9583,3.9615,0.0,28.7425,34.734,0.5357,0,88,117,0.3374,0.0626,0.021,7.0,59.4,-10.0,5.2308,4.9999,3.6923,3.6364,4.0324,1.6,-6.6065,57,-15.7413,2.1414,2.7134,0.7897,0.7897,2.8963,-2.1066,-0.4213,80,0.8065,0.7897,Rutgers,1.034,SMU
84,Arkansas,SEC,2,3,5,True,-11.8038,10.9881,2.0396,73,3.0617,93,10.4704,0.4186,0.4316,1.9231,2.881,0.404,0.435,0.088,0.1256,4.832,5.9417,27.7949,29.4048,4.1667,6.2105,-0.6,29.16,34.4272,0.4278,1,78,121,0.261,0.139,0.1016,6.2,48.4,12.2,2.6415,5.1166,1.1321,5.668,3.425,2.2,2.4209,9,-6.168,2.3658,2.1562,1.1928,1.1928,2.5582,-1.3653,-0.2731,71,0.9445,1.1928,Tulsa,1.0692,Texas A&M
85,San José State,Mountain West,3,2,5,True,-12.5865,9.5437,1.337,99,2.4269,55,12.7489,0.3384,0.447,1.5849,2.0556,0.3823,0.4314,0.1126,0.1078,5.5631,5.719,25.8491,30.2407,3.8889,3.7308,-0.2,25.0205,29.5714,0.4907,1,87,118,0.3269,0.2731,0.1595,6.4,55.2,-8.4,6.962,5.7638,4.1139,1.8405,2.6029,1.2,-9.2034,76,-7.4282,2.0828,2.8797,1.8214,0.9107,1.7302,0.0913,0.0183,53,0.8167,1.0641,Eastern Michigan,0.967,Fresno State
86,Colorado State,Pac-12,2,3,5,True,-12.8696,8.0562,2.6923,34,3.8066,107,11.9331,0.4254,0.5435,3.087,3.7778,0.4528,0.5618,0.1132,0.1594,6.9132,8.1673,29.1522,27.1333,5.35,5.4,1.4,24.8151,33.4407,0.4797,1,152,187,0.3796,0.0204,-0.0813,4.4,32.4,23.2,4.6263,4.8629,2.847,1.5326,2.9651,0.8,-4.1958,38,-8.7597,2.1312,2.4945,0.9439,0.9439,2.8344,-1.8905,-0.3781,79,0.8468,0.9439,Wyoming,1.1785,Oregon State
87,Rutgers,Big Ten,1,4,5,True,-12.914,9.5708,2.107,70,3.2252,98,11.8769,0.4345,0.4705,2.4186,3.2619,0.4575,0.4675,0.1215,0.1732,6.1822,7.5022,29.2558,31.0714,4.2857,4.7917,-0.8,28.8502,36.1556,0.5133,0,104,144,0.3162,-0.1162,-0.2582,4.0,26.6,28.2,3.4483,4.2981,1.9157,2.8226,3.6728,0.4,-5.2442,47,-18.8077,2.242,2.6961,0.0,,4.0165,-4.0165,-0.8033,99,0.85,,,1.4042,Boston College
88,Marshall,Sun Belt,3,2,5,True,-13.772,7.5858,2.086,72,3.2784,101,11.181,0.4265,0.5059,2.25,3.0,0.4463,0.4783,0.1174,0.1405,6.1443,7.4883,27.1458,26.5918,3.48,4.48,-0.8,27.2181,33.5595,0.5467,1,111,161,0.2929,0.3071,0.3463,6.8,64.0,0.0,6.1162,5.5611,2.7523,3.1348,2.6995,1.6,-8.2298,70,-11.1096,1.8579,2.5705,1.6015,0.8007,1.8303,-0.2288,-0.0458,61,0.7571,0.83,Middle Tennessee,1.1103,Penn State
89,Coastal Carolina,Sun Belt,1,4,5,True,-13.9558,3.7394,1.5827,90,2.7911,81,11.6672,0.3714,0.4737,1.86,2.5,0.4014,0.4684,0.1315,0.1264,5.7855,6.7026,25.84,31.02,4.2222,4.0,-0.2,27.1592,34.3176,0.5057,0,114,125,0.4456,-0.2456,-0.2952,9.2,73.4,-12.2,8.125,5.5611,3.4375,3.4602,2.6995,1.2,-11.0626,85,-13.7603,1.9185,2.8764,0.0,,5.1569,-5.1569,-1.0314,105,0.6383,,,1.5009,Delaware
90,Washington State,Pac-12,1,4,5,True,-14.1921,4.8835,1.2988,101,2.5276,61,11.9896,0.3446,0.4286,1.2593,2.4038,0.3431,0.4164,0.0949,0.1297,4.8723,6.1092,24.1296,33.8077,3.375,3.9333,-1.0,26.573,33.6667,0.5326,0,95,125,0.3429,-0.1429,-0.1429,6.8,54.2,10.6,5.9801,4.8629,3.3223,2.8662,2.9651,1.6,-5.0128,44,-6.9879,2.2032,2.6373,0.0,,3.9581,-3.9581,-0.7916,97,0.8608,,,1.1569,Washington
91,Delaware,CUSA,2,3,5,True,-15.5765,6.9666,1.4896,94,2.8383,84,12.1315,0.3715,0.4626,1.4773,2.439,0.3771,0.451,0.1102,0.1176,5.2034,6.1098,25.4773,29.6829,3.9333,3.6,-0.2,27.3559,34.1846,0.4762,0,79,107,0.3276,0.0724,0.0046,4.6,45.2,12.2,3.2,5.3997,1.6,2.9412,3.0427,1.4,-10.8414,83,-14.2531,1.7188,2.6575,0.5956,0.5956,3.3722,-2.7765,-0.5553,88,0.6819,0.5956,Coastal Carolina,1.2278,Virginia
92,Middle Tennessee,CUSA,2,3,5,True,-15.7082,6.1504,1.6984,87,3.0585,92,10.5222,0.368,0.4864,2.093,2.7045,0.4093,0.4854,0.1081,0.1277,5.4093,6.3358,28.7442,27.0,4.5,4.7727,1.0,30.0849,36.6962,0.4367,0,104,119,0.4208,-0.0208,0.0692,7.4,53.8,-2.0,6.81,5.3997,3.2258,2.7119,3.0427,1.4,-13.737,95,-17.2862,1.8042,2.9937,0.857,0.857,3.8074,-2.9504,-0.5901,89,0.65,0.857,Nevada,1.4233,Kansas
93,Kent State,MAC,2,3,5,True,-15.8086,9.1288,1.2101,104,2.5789,69,11.3087,0.3289,0.4593,1.5366,2.2857,0.3527,0.441,0.0853,0.1004,5.0194,5.6114,26.9024,30.9048,3.7059,4.45,-0.6,30.2752,36.8977,0.5316,1,72,112,0.2598,0.1402,0.2521,9.4,74.0,-24.0,8.5911,4.8487,6.1856,4.0486,3.634,1.2,-5.2851,49,-1.7222,2.334,2.7916,0.7483,0.7483,3.253,-2.5047,-0.5009,86,0.7326,0.7483,Ball State,1.2972,South Carolina
94,Ball State,MAC,1,4,5,True,-16.076,4.9904,1.6895,88,3.0815,95,10.9459,0.3532,0.4478,1.9556,3.0222,0.3508,0.433,0.1089,0.1409,5.4718,6.4914,27.4444,27.6667,3.9412,4.7917,-0.2,28.0,35.6727,0.5,0,88,140,0.2497,-0.0497,0.0328,7.2,63.2,0.0,6.2963,4.8487,2.963,2.5974,3.634,1.0,-5.4139,50,-4.2118,2.1522,2.621,0.0,,4.3122,-4.3122,-0.8624,103,0.7951,,,1.4925,Kent State
95,Hawai'i,Mountain West,1,4,5,True,-16.3043,5.0406,1.4272,97,2.8389,85,11.0568,0.3709,0.4961,1.6296,2.0962,0.3959,0.4481,0.0997,0.1364,5.1554,6.0974,26.1111,26.1538,3.375,4.4348,-0.4,26.085,32.6744,0.3295,0,88,124,0.3073,-0.1073,-0.1073,7.4,54.4,-0.4,5.7377,5.7638,3.5519,2.1341,2.6029,1.4,-13.7129,94,-17.2414,1.5353,2.7227,0.8883,0.8883,4.9524,-4.0641,-0.8128,100,0.8422,0.8883,New Mexico State,1.4734,Wyoming
96,Stanford,ACC,2,3,5,True,-16.7649,5.7595,1.8589,80,3.3105,103,12.0,0.3691,0.4806,1.7727,3.4783,0.3889,0.4966,0.1071,0.1723,5.6389,6.7635,26.1136,27.4565,3.55,5.9259,0.8,24.2381,33.5147,0.4678,1,87,160,0.1909,0.2091,0.2657,7.4,60.6,3.2,5.4745,4.9999,2.1898,2.7692,4.0324,1.2,3.3405,8,-16.3043,2.5653,2.276,1.4739,0.7369,2.2235,-0.7496,-0.1499,66,1.0591,0.7685,Hawai'i,0.8779,Wake Forest
97,New Mexico State,CUSA,2,3,5,True,-17.7178,6.8318,1.4669,95,3.001,90,11.4013,0.3632,0.4456,1.9149,2.4898,0.3913,0.4146,0.1377,0.1289,5.8406,5.9756,28.4043,30.2857,3.619,5.0833,-0.6,26.6087,33.5636,0.47,0,110,125,0.4248,-0.0248,-0.1306,6.4,52.0,9.0,5.7047,5.3997,3.3557,1.9231,3.0427,0.8,-13.1626,91,-11.3172,1.8304,2.97,0.7404,0.7404,3.7068,-2.9665,-0.5933,90,0.6469,0.7404,Western Kentucky,1.5899,Hawai'i
98,Old Dominion,Sun Belt,1,4,5,True,-17.7261,6.5162,1.2189,102,2.7537,77,12.0842,0.3039,0.3892,1.34,2.5686,0.2936,0.3728,0.1106,0.1111,4.3532,5.3011,30.7,35.8627,3.7647,4.5926,-0.4,26.2596,,,0,84,152,0.1969,0.0031,-0.0374,7.4,69.2,-7.0,6.2016,5.5611,3.1008,3.9344,2.6995,2.2,-5.1513,45,-10.9528,2.2749,2.7209,0.0,,3.9298,-3.9298,-0.786,95,0.8661,,,1.2958,East Carolina
99,Bowling Green,MAC,1,4,5,True,-17.906,9.2361,1.2156,103,2.766,78,10.8682,0.3431,0.4692,1.1905,2.85,0.3596,0.4751,0.0877,0.1357,4.5746,7.2579,26.619,30.975,2.7692,4.2273,-0.2,31.4781,39.5696,0.539,0,50,138,0.0827,0.1173,0.1255,6.6,57.2,6.8,2.5,4.8487,1.6667,5.3719,3.634,2.4,-2.6315,31,-2.152,2.4137,2.6416,1.0002,1.0002,4.9744,-3.9742,-0.7948,98,0.859,1.0002,Miami (OH),2.1492,Tarleton State
100,Wyoming,Mountain West,2,3,5,True,-17.9732,7.2189,1.166,105,2.7223,74,10.4813,0.3653,0.4979,1.5455,2.3404,0.4269,0.4673,0.1385,0.1121,5.4077,5.7414,28.6136,25.5957,3.5789,4.1739,-1.2,30.9115,39.0222,0.5714,0,71,110,0.2616,0.1384,0.1384,5.6,49.4,-4.6,6.1151,5.7638,3.2374,1.173,2.6029,0.6,-13.8937,97,-20.653,1.876,3.079,0.7979,0.7979,3.273,-2.4751,-0.495,85,0.7381,0.7979,Hawai'i,1.4006,Colorado State
101,UTEP,Mountain West,1,4,5,True,-19.774,7.0306,1.8729,79,3.585,106,11.2586,0.3997,0.5134,1.75,3.8182,0.3706,0.5286,0.0882,0.1571,4.6059,7.0571,32.1389,30.2727,3.8182,5.0909,-0.6,29.0353,36.4146,0.5974,0,63.0,159.0,0.1003,0.0997,0.0998,6.0,51.4,17.8,5.3763,5.7638,2.1505,3.5088,2.6029,0.8,-2.2145,27,-5.7129,2.1585,2.3503,0.0,,4.2692,-4.2692,-0.8538,102,0.8031,,,1.1295,Oregon State
102,Buffalo,MAC,2,3,5,True,-20.2619,4.0662,1.4919,93,3.2463,100,12.8064,0.3346,0.4464,1.6,2.3019,0.3517,0.3816,0.0795,0.1131,4.4312,6.0247,27.0545,32.9811,3.8571,4.4348,-1.4,24.948,31.9028,0.6212,1,95,132,0.3144,0.0856,0.1233,6.2,64.0,0.6,4.0,4.8487,2.0,3.6789,3.634,1.8,-14.2251,99,-17.2515,1.3599,2.5916,0.0,,3.6409,-3.6409,-0.7282,93,0.5208,,,1.3665,Florida International
103,Western Kentucky,CUSA,1,4,5,True,-20.5442,12.3859,1.3338,100,3.1126,96,12.0328,0.3797,0.455,1.2308,3.2143,0.3718,0.455,0.0897,0.165,4.8248,7.695,23.1795,33.881,3.4,5.4286,-1.0,25.7393,30.7625,0.4621,0,51,156,0.066,0.134,0.0379,5.0,39.6,-6.4,6.3492,5.3997,3.1746,2.4155,3.0427,1.0,-6.3154,55,-3.4648,2.2098,2.7566,0.0,,4.4446,-4.4446,-0.8889,104,0.7705,,,1.5716,Nevada
104,Akron,MAC,1,4,5,True,-20.694,6.4435,1.5164,92,3.3082,102,11.4058,0.4006,0.4702,1.4186,3.0667,0.4103,0.4467,0.1368,0.1557,5.3034,7.0984,27.8837,30.0667,3.1765,4.8889,-1.2,28.1197,33.2692,0.4423,0,61,148,0.109,0.091,-0.0057,5.6,52.0,11.4,4.8,4.8487,2.0,2.3438,3.634,1.0,-7.4754,61,-6.5447,1.8496,2.4969,0.0,,3.9469,-3.9469,-0.7894,96,0.8629,,,1.1439,Central Michigan
105,Sacramento State,MAC,1,4,5,True,-21.0383,7.0538,1.1056,106,2.9272,88,11.8501,0.3819,0.427,1.1364,2.5952,0.3983,0.3756,0.0788,0.1502,4.4564,6.3756,32.6591,27.9524,3.125,5.4375,-1.8,25.8714,35.6429,0.4286,0,57,126,0.1324,0.0676,-0.0404,7.0,65.0,-6.8,5.7252,4.8487,1.5267,4.4444,3.634,1.8,-9.6374,79,-12.3025,1.8544,2.6889,0.0,,4.1147,-4.1147,-0.8229,101,0.8318,,,1.2833,Eastern Michigan
106,UL Monroe,Sun Belt,0,5,5,True,-22.2203,3.9574,1.6272,89,3.5512,105,11.705,0.3958,0.5169,2.102,3.8,0.444,0.5261,0.1306,0.1503,5.7276,7.0,29.1837,29.1778,4.0455,5.5,-0.6,28.0075,31.2568,0.56,0,103,202,0.1685,-0.1685,-0.1871,4.4,35.4,13.4,4.5936,5.5611,2.8269,0.625,2.6995,0.0,-6.573,56,-6.422,2.3387,2.9078,0,,6.3058,-6.3058,-1.2612,107,0.824,,,2.1492,SE Louisiana
107,Charlotte,American,0,5,5,True,-25.8318,5.4948,1.0785,107,3.3151,104,11.5483,0.3188,0.4928,1.1875,3.2766,0.3415,0.4966,0.1138,0.1096,5.2724,6.0719,25.4583,32.5745,2.3333,5.3846,-1.8,28.3211,35.5714,0.4344,0,83,175,0.1458,-0.1458,-0.1155,7.2,50.8,-0.8,7.0111,5.1342,5.1661,3.4375,3.2964,1.6,-5.9141,54,-8.3328,2.2216,2.7336,0,,5.9829,-5.9829,-1.1966,106,0.8839,,,2.1492,The Citadel
,Texas,SEC,4,0,4,False,,,,,,,,,,,,,,,,,,,,,,,,,,,,,,,,,,,,,,,,,,,,,,,,,,,,,,,,
,Utah,Big 12,4,0,4,False,,,,,,,,,,,,,,,,,,,,,,,,,,,,,,,,,,,,,,,,,,,,,,,,,,,,,,,,
,BYU,Big 12,4,0,4,False,,,,,,,,,,,,,,,,,,,,,,,,,,,,,,,,,,,,,,,,,,,,,,,,,,,,,,,,
,Northwestern,Big Ten,3,1,4,False,,,,,,,,,,,,,,,,,,,,,,,,,,,,,,,,,,,,,,,,,,,,,,,,,,,,,,,,
,Oregon,Big Ten,3,1,4,False,,,,,,,,,,,,,,,,,,,,,,,,,,,,,,,,,,,,,,,,,,,,,,,,,,,,,,,,
,UCLA,Big Ten,4,0,4,False,,,,,,,,,,,,,,,,,,,,,,,,,,,,,,,,,,,,,,,,,,,,,,,,,,,,,,,,
,Oklahoma State,Big 12,3,1,4,False,,,,,,,,,,,,,,,,,,,,,,,,,,,,,,,,,,,,,,,,,,,,,,,,,,,,,,,,
,Kansas State,Big 12,3,1,4,False,,,,,,,,,,,,,,,,,,,,,,,,,,,,,,,,,,,,,,,,,,,,,,,,,,,,,,,,
,Oklahoma,SEC,2,2,4,False,,,,,,,,,,,,,,,,,,,,,,,,,,,,,,,,,,,,,,,,,,,,,,,,,,,,,,,,
,Ole Miss,SEC,3,1,4,False,,,,,,,,,,,,,,,,,,,,,,,,,,,,,,,,,,,,,,,,,,,,,,,,,,,,,,,,
,North Carolina,ACC,2,2,4,False,,,,,,,,,,,,,,,,,,,,,,,,,,,,,,,,,,,,,,,,,,,,,,,,,,,,,,,,
,Duke,ACC,4,0,4,False,,,,,,,,,,,,,,,,,,,,,,,,,,,,,,,,,,,,,,,,,,,,,,,,,,,,,,,,
,Army,American,2,2,4,False,,,,,,,,,,,,,,,,,,,,,,,,,,,,,,,,,,,,,,,,,,,,,,,,,,,,,,,,
,Kansas,Big 12,2,2,4,False,,,,,,,,,,,,,,,,,,,,,,,,,,,,,,,,,,,,,,,,,,,,,,,,,,,,,,,,
,Syracuse,ACC,2,2,4,False,,,,,,,,,,,,,,,,,,,,,,,,,,,,,,,,,,,,,,,,,,,,,,,,,,,,,,,,
,Louisiana Tech,Sun Belt,2,2,4,False,,,,,,,,,,,,,,,,,,,,,,,,,,,,,,,,,,,,,,,,,,,,,,,,,,,,,,,,
,Arizona State,Big 12,2,2,4,False,,,,,,,,,,,,,,,,,,,,,,,,,,,,,,,,,,,,,,,,,,,,,,,,,,,,,,,,
,App State,Sun Belt,3,1,4,False,,,,,,,,,,,,,,,,,,,,,,,,,,,,,,,,,,,,,,,,,,,,,,,,,,,,,,,,
,Sam Houston,CUSA,1,3,4,False,,,,,,,,,,,,,,,,,,,,,,,,,,,,,,,,,,,,,,,,,,,,,,,,,,,,,,,,
,Air Force,Mountain West,3,1,4,False,,,,,,,,,,,,,,,,,,,,,,,,,,,,,,,,,,,,,,,,,,,,,,,,,,,,,,,,
,Troy,Sun Belt,2,2,4,False,,,,,,,,,,,,,,,,,,,,,,,,,,,,,,,,,,,,,,,,,,,,,,,,,,,,,,,,
,Tulane,American,2,2,4,False,,,,,,,,,,,,,,,,,,,,,,,,,,,,,,,,,,,,,,,,,,,,,,,,,,,,,,,,
,East Carolina,American,2,2,4,False,,,,,,,,,,,,,,,,,,,,,,,,,,,,,,,,,,,,,,,,,,,,,,,,,,,,,,,,
,Navy,American,1,3,4,False,,,,,,,,,,,,,,,,,,,,,,,,,,,,,,,,,,,,,,,,,,,,,,,,,,,,,,,,
,Kennesaw State,CUSA,1,3,4,False,,,,,,,,,,,,,,,,,,,,,,,,,,,,,,,,,,,,,,,,,,,,,,,,,,,,,,,,
,Florida International,CUSA,2,2,4,False,,,,,,,,,,,,,,,,,,,,,,,,,,,,,,,,,,,,,,,,,,,,,,,,,,,,,,,,
,Georgia Tech,ACC,1,3,4,False,,,,,,,,,,,,,,,,,,,,,,,,,,,,,,,,,,,,,,,,,,,,,,,,,,,,,,,,
,Nevada,Mountain West,1,3,4,False,,,,,,,,,,,,,,,,,,,,,,,,,,,,,,,,,,,,,,,,,,,,,,,,,,,,,,,,
,Southern Miss,Sun Belt,1,3,4,False,,,,,,,,,,,,,,,,,,,,,,,,,,,,,,,,,,,,,,,,,,,,,,,,,,,,,,,,
,Missouri State,CUSA,1,3,4,False,,,,,,,,,,,,,,,,,,,,,,,,,,,,,,,,,,,,,,,,,,,,,,,,,,,,,,,,
,Northern Illinois,Mountain West,0,4,4,False,,,,,,,,,,,,,,,,,,,,,,,,,,,,,,,,,,,,,,,,,,,,,,,,,,,,,,,,
