Rk,Team,Conf,W,L,G,Eligible,Status,AdjEM,AdjEM_SE,AdjO,AdjO_Rk,AdjD,AdjD_Rk,AdjT,AdjSR_O,AdjSR_D,PPD_O,PPD_D,SR_O,SR_D,Explosive_O,Explosive_D,YPP_O,YPP_D,FieldPos_O,FieldPos_D,PtsPerOpp_O,PtsPerOpp_D,TO_Margin_pg,SecPerPlay,NeutralPace_s_per_snap,NeutralRunRate,LeadProtectionDrives,PF_garbage_adj,PA_garbage_adj,PythagW%_garbage_adj,Luck,Luck_raw_scores,Pen_pg,PenYds_pg,NetPenYds_pg,OffPen_per100,OffPen_per100_confavg,OffPreSnap_per100,DefPen_per100,DefPen_per100_confavg,PenFirstDownsAllowed_pg,PenCoverage_parsed_vs_box,SOS_AdjEM,SOS_Rk,NCSOS_AdjEM,Opp_AdjO,Opp_AdjD,WinValueTotal,AvgWinValue,LossCostTotal,NetResume,NetResumePerGame,Resume_Rk,SchedStrengthRatio,BestWinValue,BestWinOpp,WorstLossCost,WorstLossOpp
1,Notre Dame,FBS Indep.,5,0,5,True,rated,30.3557,8.7034,3.8867,4,1.2603,1,11.1095,0.536,0.3269,4.2368,1.1026,0.5625,0.3158,0.125,0.0574,6.7812,3.9617,35.2632,25.9487,5.5517,4.3,2.0,30.0312,37.25,0.5497,1,182,49,0.9573,0.0427,0.0491,2.8,27.6,7.6,2.952,4.9672,1.107,0.9302,3.3463,0.4,1.0,2.1962,10,2.1962,2.5349,2.3449,5.4953,1.0991,0,5.4953,1.0991,3,1.0262,1.5187,Wisconsin,,
2,Alabama,SEC,5,0,5,True,rated,25.9429,7.1505,3.913,3,1.6683,13,11.7826,0.4986,0.3424,4.2,1.9362,0.5233,0.3571,0.1744,0.1071,7.5271,5.3214,32.9111,24.8936,5.7407,5.2,1.4,31.7597,37.3678,0.5061,2,224,101,0.8685,0.1315,0.1131,7.0,45.8,7.2,6.3604,5.0904,3.5336,3.3088,3.4143,1.4,1.0,6.0542,3,0.7345,2.6801,2.1563,6.2481,1.2496,0,6.2481,1.2496,1,1.1668,1.5447,Mississippi State,,
3,Miami,ACC,5,0,5,True,rated,25.8188,3.6993,3.9284,1,1.6946,16,11.2859,0.534,0.4021,4.425,1.0769,0.5872,0.3674,0.1574,0.0884,8.1106,4.4837,28.625,25.7692,6.5,3.0,0.8,28.6979,33.4557,0.4577,2,186,49,0.9594,0.0406,0.021,6.4,59.0,15.6,4.7059,5.009,3.1373,3.0172,4.043,1.2,1.0,-11.3008,89,-28.5621,1.6956,2.6733,4.9149,1.2287,0,4.9149,1.2287,2,0.9178,1.4446,Wake Forest,,
4,Georgia,SEC,5,0,5,True,rated,25.6753,8.5336,3.8227,5,1.6012,9,12.2396,0.5378,0.3317,4.7222,0.5152,0.5859,0.256,0.1818,0.0476,7.8535,3.7976,38.25,25.8788,6.2083,1.6667,1.2,30.4444,36.9077,0.4831,0,191,20,0.9953,0.0047,0.0397,5.2,50.6,-8.6,2.8571,5.0904,1.4286,3.3149,3.4143,1.0,0.9615,-13.6878,97,-29.9466,1.5686,2.7529,3.9974,0.9994,0,3.9974,0.9994,8,0.7465,1.1945,Vanderbilt,,
5,Ohio State,Big Ten,4,1,5,True,rated,22.5326,3.5537,3.6035,6,1.654,12,11.557,0.5244,0.3779,3.8,1.2778,0.5343,0.3648,0.1444,0.0815,7.2419,4.3519,30.975,23.9167,4.96,3.5385,0.8,27.6751,38.9231,0.5176,2,173,46,0.9585,-0.1585,-0.1461,6.4,49.8,-5.0,3.4602,4.2977,3.1142,2.3622,3.6381,1.0,1.0,-2.278,28,-4.1705,2.1113,2.3084,3.8949,0.9737,0.5966,3.2983,0.6597,17,1.0155,1.4566,Iowa,0.5966,Texas
6,Indiana,Big Ten,5,0,5,True,rated,19.8571,4.7645,3.2659,11,1.5478,5,10.664,0.4506,0.3572,4.3243,1.0541,0.5198,0.341,0.1982,0.0876,8.3789,4.5806,32.4324,22.5405,5.0769,4.0,0.4,28.1894,36.4762,0.513,0,169,39,0.97,0.03,0.0342,3.4,27.6,13.8,2.9289,4.2977,1.6736,3.0435,3.6381,1.0,1.0,-10.9291,85,-19.566,2.1221,3.0677,3.8574,0.9643,0,3.8574,0.9643,9,0.7203,1.4109,Northwestern,,
7,LSU,SEC,4,1,5,True,rated,18.608,6.1581,3.0081,15,1.3981,2,12.5822,0.4544,0.3047,3.3864,0.9535,0.4808,0.2704,0.1498,0.0867,6.446,3.4337,33.8636,26.8605,5.0714,4.1,0.0,24.1498,28.2609,0.5147,0,156,48,0.9423,-0.1423,-0.124,6.2,51.2,-2.4,4.918,5.0904,2.9508,2.3697,3.4143,0.6,1.0,-4.3815,39,-11.5884,2.1347,2.5138,3.6693,1.2231,0.9902,2.679,0.6698,16,0.9003,1.3114,Clemson,0.9902,Ole Miss
8,Missouri,SEC,4,1,5,True,rated,16.4457,8.3164,2.8816,21,1.4587,3,12.0963,0.4398,0.3446,3.098,1.44,0.4401,0.3405,0.1408,0.1075,6.6972,4.7634,34.5686,26.16,4.6207,4.25,0.8,26.4648,34.2165,0.4779,1,167,79,0.855,-0.055,-0.017,7.2,68.4,8.4,5.9406,5.0904,2.9703,2.9703,3.4143,1.8,1.0,-0.9969,18,-11.7537,2.4993,2.5855,3.4544,1.1515,0.8191,2.6353,0.6588,18,0.8919,1.6035,Florida,0.8191,Mississippi State
9,Nebraska,Big Ten,5,0,5,True,rated,16.1204,6.3612,3.1991,12,1.8044,22,11.8971,0.4522,0.3619,3.8958,1.3913,0.4851,0.3319,0.1452,0.0961,6.7129,4.6681,31.25,28.4565,5.6786,3.6,1.2,27.2178,33.5618,0.4974,3,201,64,0.9377,0.0623,0.0655,8.6,73.4,-21.6,5.2308,4.2977,2.4615,4.4715,3.6381,1.4,1.0,-7.5762,64,-14.0986,2.0435,2.699,4.1602,1.0401,0,4.1602,1.0401,6,0.7769,1.1825,Michigan State,,
10,Florida,SEC,4,1,5,True,rated,15.1732,9.6086,3.9199,2,2.6071,72,11.5176,0.4893,0.4271,4.3333,2.8372,0.5,0.4471,0.1641,0.1137,7.0344,6.0039,35.3333,26.9767,5.6429,5.0909,0.8,28.7863,33.6916,0.5792,4,196,122,0.7547,0.0453,0.0217,8.6,87.4,-22.0,4.9296,5.0904,2.1127,3.7037,3.4143,1.6,1.0,0.9893,11,-12.6641,2.4676,2.382,4.074,1.358,0.9397,3.1343,0.7836,13,0.9852,1.4452,Ole Miss,0.9397,Missouri
11,Houston,Big 12,4,1,5,True,rated,15.1567,2.4905,3.4717,7,2.1604,40,10.66,0.5339,0.4097,3.6957,2.0667,0.5387,0.4,0.1194,0.1057,6.5097,5.6755,37.2174,21.6889,4.3824,5.8125,0.6,26.4194,33.9583,0.5489,0,170,93,0.8068,-0.0068,-0.0488,6.6,55.0,-3.4,4.7478,4.6769,3.2641,3.4602,3.4072,1.6,0.9697,-3.2063,33,-12.7436,2.1912,2.4686,3.2973,1.0991,0.7397,2.5576,0.6394,20,0.8773,1.285,UCF,0.7397,Texas Tech
12,Mississippi State,SEC,4,1,5,True,rated,15.1036,9.665,3.442,8,2.1352,38,11.4012,0.498,0.4066,3.48,2.4222,0.4949,0.4211,0.1717,0.1123,6.9226,5.6386,28.06,29.8222,5.7037,4.6087,-0.6,21.7677,25.2632,0.4162,1,174,123,0.6947,0.1053,0.1132,8.0,69.8,14.8,5.2795,5.0904,1.2422,3.5144,3.4143,1.4,1.0,4.7697,5,-11.0048,2.6222,2.2095,4.5684,1.1421,0.5748,3.9936,0.7987,11,1.1453,1.5013,Missouri,0.5748,Alabama
13,Pittsburgh,ACC,5,0,5,True,rated,14.7424,3.692,2.8676,23,1.5921,8,12.0615,0.4144,0.3569,3.102,1.3191,0.4346,0.3267,0.1449,0.0996,6.424,5.243,30.2857,25.5106,5.087,3.0556,1.0,26.9859,33.42,0.4643,1,154,67,0.8779,0.1221,0.0762,8.8,79.4,-9.0,5.178,5.009,2.589,4.9645,4.043,2.4,1.0,-6.8424,59,-14.7912,2.0206,2.6126,4.3897,1.0974,0,4.3897,1.0974,4,0.8197,1.3586,Virginia Tech,,
14,Wake Forest,ACC,4,1,5,True,rated,13.8378,4.4302,2.9131,18,1.7159,18,10.7201,0.4628,0.4051,3.3333,1.9773,0.4871,0.4375,0.1624,0.0919,7.048,5.2169,27.8333,26.5909,4.5385,3.8095,0.0,25.9668,32.3696,0.5241,0,155,102,0.7294,0.0706,0.0496,9.2,84.8,-24.8,6.9767,5.009,4.9834,3.4843,4.043,1.8,0.913,-1.0621,19,-9.8269,2.5934,2.6853,3.8306,0.9576,0.6207,3.2099,0.642,19,0.999,1.0763,Stanford,0.6207,Miami
15,Oregon State,Pac-12,3,2,5,True,rated,13.7089,7.8516,3.1709,13,1.9848,29,11.2709,0.4618,0.3838,3.6591,2.0909,0.5073,0.4071,0.1679,0.0949,7.5401,5.3043,25.1591,31.7045,5.4444,3.7143,0.6,25.9964,34.5843,0.3944,0,161,92,0.7902,-0.1902,-0.1438,7.2,69.0,-4.2,4.0678,4.8409,1.6949,3.9711,2.9453,1.8,0.9444,-4.3692,38,-2.2871,2.3986,2.7766,1.6922,0.8461,1.6274,0.0647,0.0162,55,0.8117,0.9986,Colorado State,0.9021,Houston
16,Tennessee,SEC,4,1,5,True,rated,12.928,4.6499,2.7391,29,1.6206,10,12.2616,0.4328,0.3963,2.7551,1.102,0.4352,0.3828,0.113,0.0938,5.4219,4.6133,31.6939,26.2041,4.9565,3.1765,0.6,25.8771,30.7328,0.5853,2,149,61.0,0.8925,-0.0925,-0.0905,7.0,61.4,16.6,6.1538,5.0904,3.3846,3.2491,3.4143,1.4,1.0,-5.7538,52,-18.1684,1.8237,2.3215,2.6087,0.8696,0.5851,2.0236,0.5059,29,0.7774,1.3268,Auburn,0.5851,Texas
17,Wisconsin,Big Ten,4,1,5,True,rated,12.4099,8.1738,2.765,27,1.6913,15,11.0184,0.4071,0.3787,2.7826,1.3696,0.3837,0.359,0.1279,0.0696,6.4574,4.315,30.6304,26.6087,4.4286,4.2,-0.4,28.1124,38.4133,0.5407,2,148,80,0.8112,-0.0112,-0.0214,6.2,51.2,-21.4,5.1661,4.2977,3.321,3.7801,3.6381,1.6,1.0,-0.6134,17,-4.0755,2.2156,2.2686,3.4898,1.1633,0.6737,2.8161,0.704,15,0.9255,1.2392,Penn State,0.6737,Notre Dame
18,Arizona,Big 12,4,1,5,True,rated,12.1502,6.7538,2.9838,17,1.9325,26,10.668,0.465,0.3784,3.3571,1.2791,0.5052,0.3463,0.1429,0.0934,6.4843,4.8405,27.2857,26.3488,4.963,2.5625,-0.8,28.9895,31.9732,0.4076,0,148,69,0.8592,-0.0592,-0.0299,5.6,54.0,-12.4,4.9342,4.6769,2.6316,2.1661,3.4072,1.0,1.0,-9.1453,75,-21.4442,1.8218,2.6131,2.9004,0.9668,0.8364,2.064,0.516,28,0.7852,1.4521,Cincinnati,0.8364,BYU
19,Texas Tech,Big 12,5,0,5,True,rated,12.06,3.5446,2.5938,40,1.5504,6,12.2969,0.4549,0.3636,2.6731,1.3455,0.4615,0.3754,0.1338,0.1036,5.9565,5.0712,32.4038,26.8182,4.7778,2.7895,0.4,25.6622,31.4,0.4716,2,160,81,0.8339,0.1661,0.1404,5.8,52.6,2.6,5.2469,4.6769,2.4691,1.8072,3.4072,1.0,1.0,-1.7716,23,-7.2591,2.2828,2.4361,4.2032,1.0508,0,4.2032,1.0508,5,0.7849,1.4938,Houston,,
20,New Mexico,Mountain West,4,1,5,True,rated,11.6334,8.5814,2.7166,31,1.7101,17,11.8721,0.4166,0.3638,3.5641,0.6486,0.4416,0.2951,0.1385,0.082,6.1255,4.5738,42.1538,23.4865,4.3704,1.6667,3.6,29.1082,39.0114,0.5814,0,155.0,24.0,0.9881,-0.1881,-0.1658,5.8,44.8,24.0,6.9231,5.7598,3.8462,1.4925,2.6547,0.6,1.0,-17.8932,105,-17.3388,1.5402,3.0883,2.607,0.869,1.2048,1.4022,0.3506,36,0.6621,1.1889,Central Michigan,1.2048,Oklahoma
21,Boise State,Pac-12,4,1,5,True,rated,10.929,7.1056,2.8888,20,1.9432,27,11.0326,0.4659,0.3758,3.02,1.7778,0.4894,0.3498,0.1216,0.1521,6.5532,6.8517,27.0,31.8333,4.7241,3.2609,0.6,31.2766,38.1391,0.5825,4,165,96,0.7831,0.0169,0.0288,4.8,46.8,11.0,2.8902,4.8409,2.0231,3.8462,2.9453,2.0,1.0,-1.4626,21,0.7384,2.2807,2.4072,3.3427,1.1142,0.948,2.3947,0.5987,21,0.8471,1.3775,Memphis,0.948,Oregon
22,Baylor,Big 12,4,1,5,True,rated,10.7535,5.6973,2.7165,32,1.7861,21,12.7556,0.4344,0.3825,2.8519,1.1481,0.4195,0.3387,0.1307,0.1022,6.0851,4.639,34.7778,26.6667,4.3103,3.1,0.4,20.617,27.3551,0.4484,2,154,62.0,0.8963,-0.0963,-0.0933,7.4,67.2,-4.8,3.6827,4.6769,2.5496,3.8922,3.4072,1.8,0.973,-7.5833,65,-11.1221,1.8268,2.4829,3.1474,1.0491,1.063,2.0844,0.5211,26,0.7893,1.1153,Louisiana Tech,1.063,Auburn
23,Kentucky,SEC,4,1,5,True,rated,10.2289,6.971,2.7127,33,1.8276,23,11.6684,0.4782,0.4127,2.9592,2.2653,0.5018,0.4295,0.1484,0.0951,6.4841,5.2,29.2857,30.0204,5.3333,4.44,1.0,28.5901,36.2844,0.5048,0,163,128,0.6394,0.1606,0.1531,5.4,51.8,-13.2,3.01,5.0904,1.6722,3.3537,3.4143,2.0,1.0,4.0191,6,-7.0863,2.8683,2.5205,3.4274,1.1425,0.57,2.8574,0.7144,14,0.9331,1.2604,Texas A&M,0.57,Alabama
24,UCF,Big 12,3,2,5,True,rated,10.1393,2.123,2.4635,51,1.5862,7,11.8163,0.3929,0.3787,2.4,1.5385,0.3831,0.3882,0.1331,0.0839,5.8468,4.9503,31.44,29.8462,4.8182,2.92,1.0,27.8629,35.5952,0.4778,0,127,82.0,0.7382,-0.1382,-0.2094,7.0,54.2,11.4,6.6176,4.6769,3.6765,2.8409,3.4072,1.6,0.9714,-0.0528,14,-6.1855,2.3615,2.3661,2.2105,1.1052,1.5757,0.6348,0.1587,45,0.918,1.2743,Georgia State,0.8967,Houston
25,USC,Big Ten,5,1,6,True,rated,9.4618,11.123,3.4015,9,2.5828,71,9.4949,0.4987,0.4211,3.72,2.4783,0.5246,0.4122,0.1421,0.1075,6.8607,5.9176,30.82,25.3913,5.0588,5.35,-0.1667,27.377,35.1793,0.4836,2,210,114,0.8097,0.0237,0.1217,6.8333,60.8333,-18.6667,4.6632,4.2977,2.3316,4.0134,3.6381,1.8333,0.9512,-1.6376,22,-2.4919,2.1573,2.299,5.7531,1.1506,0.9695,4.7835,0.7973,12,1.0777,1.3965,Fresno State,0.9695,Oregon
26,Florida State,ACC,3,2,5,True,rated,9.1699,7.5865,2.9906,16,2.1972,45,10.951,0.4453,0.4357,3.383,2.1489,0.4585,0.4399,0.1697,0.1168,7.0397,5.9794,27.1277,26.5957,5.5769,3.35,-0.4,27.852,32.9519,0.5787,0,159,108,0.7144,-0.1144,-0.1347,6.6,66.4,-4.4,5.2632,5.009,2.6316,3.1949,4.043,1.6,1.0,-4.3917,40,-10.4447,2.2345,2.6144,1.9749,0.9875,1.6378,0.3372,0.0843,46,0.8625,1.1592,Virginia,1.0873,SMU
27,Virginia Tech,ACC,4,1,5,True,rated,8.3646,6.695,3.0352,14,2.3115,51,11.9949,0.4802,0.4005,3.3125,1.6957,0.4868,0.3455,0.1283,0.1273,6.4145,4.6864,34.375,29.9565,5.0385,4.3333,-1.0,26.2763,33.0684,0.4486,0,175,81,0.8612,-0.0612,-0.0503,7.6,65.6,-5.4,4.8632,5.009,1.2158,4.1152,4.043,1.4,1.0263,-14.741,101,-25.8311,1.4273,2.7027,2.6637,0.8879,0.7029,1.9608,0.4902,30,0.7658,1.0188,Maryland,0.7029,Pittsburgh
28,North Dakota State,Mountain West,5,0,5,True,rated,8.2108,2.1281,2.5603,42,1.8499,24,11.0657,0.3855,0.4044,3.1136,0.878,0.4301,0.3717,0.1398,0.0796,6.1613,4.3628,28.1136,27.9512,5.125,2.7692,1.6,28.9749,36.1977,0.5297,3,158,42,0.9585,0.0415,0.0512,6.4,54.2,3.0,4.3624,5.7598,3.0201,4.1494,2.6547,1.4,0.9688,-17.2071,104,-21.074,1.4729,2.9617,3.8404,0.9601,0,3.8404,0.9601,10,0.7172,1.2441,Air Force,,
29,Penn State,Big Ten,3,2,5,True,rated,7.0915,9.0402,2.2445,59,1.631,11,12.3284,0.3871,0.3803,2.3333,1.4565,0.3992,0.3682,0.125,0.1004,6.0847,5.0795,31.9583,24.9783,4.2609,3.75,1.2,26.6895,36.125,0.5,0,119,67.0,0.796,-0.196,-0.2379,4.8,47.2,5.8,3.0888,4.2977,1.5444,2.7668,3.6381,1.4,1.0,-2.4907,29,-13.6549,2.3453,2.5608,2.7652,0.9217,1.8886,0.8765,0.1753,44,0.9636,1.1758,Marshall,1.0227,Northwestern
30,Auburn,SEC,3,2,5,True,rated,5.8271,3.5438,2.2885,56,1.7843,20,11.3082,0.4258,0.3914,2.0769,1.9815,0.4221,0.3932,0.1364,0.0769,5.6071,4.8946,26.7308,28.5926,4.32,3.5769,-0.2,23.1071,25.9231,0.4343,1,127,107,0.6002,-0.0002,-0.0302,7.6,64.6,2.6,4.8193,5.0904,3.6145,4.6632,3.4143,3.0,1.0,5.2903,4,0.4042,2.6798,2.222,3.2843,1.0948,1.8081,1.4761,0.2952,40,1.0754,1.4357,Baylor,0.9998,Tennessee
31,Iowa,Big Ten,4,1,5,True,rated,5.7011,8.2723,2.2535,58,1.7602,19,11.711,0.4245,0.3786,2.5581,1.4651,0.4426,0.3824,0.127,0.105,6.25,5.2941,29.8372,25.5116,4.5714,3.5714,0.4,26.832,34.913,0.4138,0,124,63,0.8327,-0.0327,-0.0782,5.8,49.4,3.6,5.6604,4.2977,4.5283,1.1628,3.6381,0.4,1.0,-5.0611,47,-16.7389,2.22,2.6579,3.2404,1.0801,0.8946,2.3457,0.5864,22,0.8379,1.2791,Michigan,0.8946,Ohio State
32,Virginia,ACC,3,2,5,True,rated,5.424,10.4222,2.4807,50,2.0115,31,11.8193,0.4298,0.4138,3.0,1.9762,0.4888,0.3991,0.1119,0.1166,5.9515,5.3677,29.6889,27.1667,5.2632,4.75,1.2,28.2537,35.8182,0.5409,0,142,83,0.7812,-0.1812,-0.2166,5.4,49.0,4.0,3.2028,5.009,1.4235,3.7037,4.043,1.4,1.0,-7.4317,63,-16.9757,2.2127,2.8557,2.0851,1.0425,2.4411,-0.3561,-0.089,63,0.734,1.2154,NC State,1.2905,West Virginia
33,Louisville,ACC,2,3,5,True,rated,4.862,2.1092,2.8388,24,2.4181,57,12.3628,0.4492,0.3871,3.1964,2.5926,0.4848,0.4167,0.1852,0.1173,7.6195,6.1204,28.1607,27.537,4.5769,4.36,0.8,26.8687,34.3,0.5,0,179,143,0.63,-0.23,-0.2596,7.8,82.4,-11.4,5.0,5.009,1.5625,4.5455,4.043,2.6,0.9744,-1.9003,25,-15.9449,2.4435,2.6079,1.4009,1.4009,2.9708,-1.5699,-0.3925,74,0.9068,1.4009,SMU,1.2071,NC State
34,Texas A&M,SEC,3,2,5,True,rated,4.8559,8.6549,2.6212,39,2.2011,46,11.2907,0.4308,0.4036,2.6809,2.1628,0.43,0.4104,0.1067,0.1557,5.0667,6.6321,32.9787,27.5116,4.7308,4.6,0.4,28.61,36.396,0.5381,0,142,93,0.7317,-0.1317,-0.1809,5.0,40.8,6.6,4.878,5.0904,2.7439,2.1552,3.4143,0.6,1.0,0.6032,12,-6.4203,2.3596,2.3074,2.9117,0.9706,1.7564,1.1553,0.2311,43,1.0155,1.0963,Arizona State,0.8909,LSU
35,NC State,ACC,3,2,5,True,rated,4.5988,9.3515,2.8897,19,2.4918,62,11.7677,0.453,0.4432,3.2553,2.3469,0.4662,0.4387,0.1385,0.1462,6.4054,6.4941,29.7234,28.1429,4.9643,4.5789,0.0,28.0203,36.23,0.4527,0,153,125,0.6175,-0.0175,-0.1027,5.4,51.2,2.4,4.1667,5.009,2.2436,3.3457,4.043,1.6,1.0,-6.8578,60,-14.8583,2.0403,2.6337,2.3485,1.1742,2.4544,-0.1059,-0.0265,58,0.7808,1.2939,App State,1.2804,Virginia
36,Cincinnati,Big 12,4,1,5,True,rated,4.0104,7.2514,2.6438,36,2.2968,50,11.3401,0.4319,0.4552,3.1556,2.1111,0.4652,0.4419,0.1355,0.1229,6.8059,5.7508,29.6222,25.4,5.12,3.8261,1.0,27.4835,33.5294,0.52,1,142,102,0.6866,0.1134,0.0907,7.2,66.4,-14.6,4.4828,4.6769,2.069,3.9157,3.4072,1.8,1.0,-5.0514,46,-15.2053,2.2085,2.6456,3.1564,1.0521,1.0153,2.1411,0.5353,25,0.7999,1.3301,Kansas State,1.0153,Arizona
37,SMU,ACC,4,1,5,True,rated,3.9516,7.2283,2.5747,41,2.2328,48,11.625,0.4829,0.4012,2.9216,2.0,0.5132,0.375,0.149,0.1179,6.9603,5.125,31.451,24.6735,4.4138,3.8889,-0.8,25.8742,29.5122,0.4762,0,159,105,0.7278,0.0722,0.0753,7.8,73.8,-6.4,5.2308,5.009,0.6154,4.2071,4.043,2.2,1.0,-8.2463,69,-22.1547,2.0008,2.7142,2.921,0.9737,1.4246,1.4964,0.3741,35,0.6799,1.2617,Florida State,1.4246,Louisville
38,James Madison,Sun Belt,5,0,5,True,rated,3.6551,3.0803,2.5537,44,2.2375,49,12.0,0.4364,0.3946,3.0577,1.2453,0.4626,0.3237,0.1293,0.0833,6.4184,4.8109,34.3269,26.3585,4.8966,3.3158,0.8,24.9898,,,1,186,66,0.921,0.079,0.0523,6.6,70.6,4.0,6.3291,5.549,2.2152,2.849,2.7189,2.0,1.0,-18.778,106,-20.2836,1.3053,2.93,4.0522,1.0131,0,4.0522,1.0131,7,0.7567,1.2759,Liberty,,
39,South Carolina,SEC,2,3,5,True,rated,3.4693,11.6798,2.4919,48,2.1917,44,11.7157,0.4209,0.4135,2.6522,2.2857,0.4349,0.4235,0.1267,0.1255,6.5445,5.749,25.3696,28.102,3.9565,4.9412,-1.2,24.2945,28.4588,0.5181,0,146,127,0.5819,-0.1819,-0.2905,6.4,59.6,-1.6,6.2893,5.0904,3.1447,2.8571,3.4143,1.4,1.0,-0.568,16,-27.0576,2.4451,2.4942,0.9086,0.9086,2.1202,-1.2116,-0.3029,70,0.9727,0.9086,Kent State,0.8268,Kentucky
40,Georgia State,Sun Belt,4,1,5,True,rated,3.4567,4.6045,2.8337,25,2.5347,67,12.0645,0.4575,0.4282,3.2449,1.8478,0.4784,0.372,0.1619,0.144,7.0647,5.488,29.9796,31.1957,5.1111,3.087,-0.6,27.5108,34.0,0.5417,1,166,92,0.802,-0.002,-0.0492,6.6,60.6,-14.0,5.0505,5.549,2.6936,3.0534,2.7189,1.2,1.0,-15.9703,103,-15.204,1.4655,2.8472,2.1962,0.7321,1.1295,1.0667,0.2667,41,0.5993,0.7718,Northern Illinois,1.1295,UCF
41,Toledo,MAC,4,1,5,True,rated,3.371,6.4434,2.7522,28,2.4605,61,12.427,0.4177,0.3896,3.2857,2.0,0.4521,0.3544,0.1541,0.0877,7.1952,5.0491,33.102,31.7451,4.5357,3.48,0.4,23.6952,30.396,0.5424,1,184,115.0,0.7529,0.0471,0.0322,6.6,55.4,-21.2,4.5455,4.7892,0.974,3.6424,3.6479,1.6,1.0,-12.2704,90,-11.4195,1.8034,2.865,2.6665,0.8888,1.1682,1.4983,0.3746,34,0.68,1.0536,San Diego State,1.1682,Michigan State
42,Memphis,American,4,1,5,True,rated,3.3488,3.5166,2.7372,30,2.4475,59,11.607,0.4616,0.4336,3.2453,1.9362,0.5083,0.4086,0.1815,0.147,8.2013,6.7168,23.6981,25.2766,4.8929,3.45,0.6,25.4422,30.6905,0.5484,1,172,98,0.7914,0.0086,0.0159,4.8,44.8,13.6,3.3537,5.1104,1.8293,2.649,3.2638,1.6,1.0,-13.2522,94,-10.4052,1.6929,2.8395,2.719,0.9063,0.9567,1.7622,0.4406,32,0.729,1.1758,UNLV,0.9567,Boise State
43,TCU,Big 12,2,3,5,True,rated,3.1358,3.0034,1.9454,76,1.674,14,11.5893,0.3992,0.3795,2.0625,1.383,0.4281,0.372,0.1037,0.084,5.6957,4.856,30.2292,26.7447,3.8077,4.3333,-0.4,28.8227,35.4052,0.4915,1,106,67,0.7479,-0.3479,-0.4199,6.6,60.2,-26.4,4.1935,4.6769,1.9355,4.4944,3.4072,2.4,1.0,-3.909,36,-14.76,2.2333,2.5715,0.9341,0.9341,3.0504,-2.1163,-0.5291,81,0.8049,0.9341,Arkansas State,1.2868,North Carolina
44,Clemson,ACC,3,2,5,True,rated,3.12,4.6458,1.7707,86,1.5007,4,11.8661,0.3771,0.3993,1.5091,1.7255,0.3547,0.4233,0.1014,0.12,5.0034,5.2667,29.7091,25.3725,3.3043,3.3636,-0.6,25.3784,28.9216,0.4631,2,90,109,0.3884,0.2116,0.2628,7.0,64.0,-2.8,4.7022,5.009,2.5078,4.375,4.043,2.2,0.9714,8.7115,2,9.583,2.8233,2.0696,3.02,1.0067,1.5038,1.5162,0.3032,39,1.0826,1.1417,North Carolina,0.8972,LSU
45,Fresno State,Pac-12,4,1,5,True,rated,2.9046,11.7802,2.2733,57,2.022,33,11.8507,0.39,0.4217,2.4286,1.3542,0.3969,0.3859,0.1479,0.0871,6.1479,5.4523,36.8367,21.3125,4.16,4.1111,1.6,30.4163,39.3117,0.4689,3,122,72,0.7773,0.0227,0.0226,5.0,35.2,8.6,5.1282,4.8409,2.5641,1.9608,2.9453,0.4,1.0,-9.1928,76,-7.9319,1.8499,2.6452,3.3406,0.8352,0.7596,2.581,0.5162,27,0.8817,1.1865,San José State,0.7596,USC
46,North Texas,American,3,2,5,True,rated,2.7351,8.7676,3.3431,10,3.1065,97,11.7372,0.4757,0.47,3.587,3.0851,0.4796,0.4511,0.1667,0.1165,7.6224,5.9774,28.0,34.1489,5.0333,5.087,0.0,26.3333,32.5789,0.4558,0,179,151,0.5994,0.0006,-0.0204,9.2,74.2,-21.8,6.2112,5.1104,3.4161,3.169,3.2638,1.6,0.9565,-3.8101,35,-4.1066,2.0669,2.3965,2.3594,1.1797,2.1755,0.1838,0.046,51,0.8345,1.2002,UNLV,1.4057,Texas State
47,Michigan,Big Ten,3,2,5,True,rated,2.3786,4.6783,2.0626,71,1.8568,25,10.9446,0.4209,0.3611,1.8478,1.32,0.4173,0.3394,0.1053,0.083,5.2632,4.2888,27.1304,28.42,4.1579,3.1053,-0.8,29.8985,34.5556,0.5714,2,108,76,0.6969,-0.0969,-0.1089,7.6,66.4,-30.4,7.2414,4.2977,4.4828,4.0134,3.6381,2.0,0.9737,-1.8791,24,-5.149,2.0409,2.2034,3.0796,1.0265,1.8985,1.1811,0.2362,42,1.0204,1.265,Oklahoma,0.9537,Minnesota
48,Maryland,Big Ten,2,3,5,True,rated,2.3468,7.5244,2.4273,54,2.2242,47,11.9172,0.4059,0.4156,2.5833,2.3913,0.4148,0.4325,0.1222,0.1111,6.2111,5.5079,31.8542,31.1957,4.3478,6.3571,0.0,23.2963,31.0,0.4074,0,124,131,0.4675,-0.0675,-0.1039,7.4,69.2,10.8,4.7782,4.2977,2.0478,6.2937,3.6381,2.8,1.0,-2.9979,32,-14.6691,2.3079,2.5673,0.7669,0.7669,2.3952,-1.6283,-0.4071,75,0.8952,0.7669,UConn,0.966,Virginia Tech
49,Liberty,CUSA,4,1,5,True,rated,2.1179,8.2629,2.1468,67,1.9636,28,11.3431,0.4394,0.3882,2.5192,1.1277,0.4662,0.3214,0.1453,0.1032,6.7162,4.6429,32.8654,27.0,3.8148,2.8667,0.6,30.5405,38.4419,0.5886,0,131,67,0.8305,-0.0305,0.0195,8.8,79.6,-1.0,6.5217,5.3211,3.1056,4.8951,3.0698,2.0,1.0,-12.8806,92,-12.2515,1.6516,2.766,2.0389,0.6796,0.7546,1.2843,0.3211,38,0.6395,0.8365,Delaware,0.7546,James Madison
50,Michigan State,Big Ten,2,3,5,True,rated,2.0682,8.1762,2.2434,60,2.0644,35,10.3059,0.4534,0.3875,1.913,2.5778,0.429,0.4043,0.0806,0.1047,4.6387,5.6931,30.8478,29.4667,3.52,4.3158,-0.8,27.7516,33.425,0.5938,0,91,116,0.36,0.04,0.04,3.2,34.0,7.4,1.8519,4.2977,0.9259,2.381,3.6381,1.4,1.0,10.6007,1,8.1577,2.9101,1.9929,2.4145,1.2072,2.2176,0.1969,0.0394,52,1.2358,1.3578,Toledo,0.8415,Wisconsin
51,Iowa State,Big 12,3,2,5,True,rated,1.5807,3.3825,2.5442,46,2.4075,56,11.9382,0.4107,0.4198,2.7647,2.0,0.4197,0.3878,0.135,0.1065,6.427,5.7338,27.6471,30.0377,4.7083,4.7222,0.4,29.0,36.9157,0.5722,0,155,106,0.7111,-0.1111,-0.1487,5.2,51.0,4.8,4.4369,4.6769,1.3652,2.8169,3.4072,1.0,1.0,-5.9812,55,-15.5653,1.9249,2.4424,2.0627,1.0314,1.7588,0.304,0.076,47,0.8565,1.1444,West Virginia,0.9349,Iowa
52,Louisiana,Sun Belt,4,1,5,True,rated,1.1931,7.0099,2.1209,68,2.0177,32,11.7533,0.3905,0.4087,2.617,1.5333,0.4296,0.3984,0.1092,0.1055,5.5106,4.8828,32.8085,26.4889,4.92,4.3125,0.6,29.4894,34.7157,0.6287,5,123,97,0.6371,0.1629,0.0751,5.8,48.4,9.8,5.5016,5.549,3.5599,1.8587,2.7189,0.8,1.0,-11.1818,88,-12.1901,1.9213,2.8888,2.5585,0.8528,0.7721,1.7864,0.4466,31,0.7333,1.0176,UAB,0.7721,USC
53,Purdue,Big Ten,2,3,5,True,rated,0.8971,9.2434,2.8271,26,2.7494,78,10.3358,0.4628,0.45,2.9756,3.15,0.4781,0.4888,0.146,0.1903,6.4635,6.6604,25.6098,27.5,4.4231,4.8462,-0.2,28.4453,36.6837,0.4645,1,142,148,0.4755,-0.0755,-0.0173,7.2,57.8,-1.6,4.8276,4.2977,2.7586,4.878,3.6381,2.2,1.0,3.6951,7,3.3859,2.6804,2.3607,1.0457,1.0457,2.2289,-1.1832,-0.2958,69,0.9781,1.0457,Illinois,0.8627,Wake Forest
54,UTSA,American,4,1,5,True,rated,0.8607,2.6209,2.2296,61,2.1552,39,11.5981,0.4173,0.4081,2.6327,2.1346,0.4576,0.4023,0.122,0.0729,5.9627,5.1778,31.3673,28.25,4.087,4.16,0.8,25.3492,29.1385,0.4706,0,143,121,0.5977,0.2023,0.1943,8.8,90.8,-13.0,7.9511,5.1104,3.0581,3.2432,3.2638,2.2,0.9773,-6.8376,58,-6.2452,2.2294,2.821,2.7274,0.9091,0.5703,2.1571,0.5393,24,0.8023,1.003,Texas State,0.5703,Texas
55,Texas State,Pac-12,2,3,5,True,rated,0.8512,7.9988,2.8797,22,2.806,83,11.3672,0.463,0.4595,3.2128,2.6889,0.4858,0.4521,0.1325,0.1287,7.0473,6.099,26.4681,29.6,4.36,4.1154,-0.8,24.0473,29.8136,0.5639,1,160,142,0.5702,-0.1702,-0.1279,6.4,58.4,15.6,3.2836,4.8409,2.0896,4.2683,2.9453,2.0,1.0312,-3.6346,34,-2.3149,2.1245,2.4389,1.2933,1.2933,2.7976,-1.5043,-0.3761,73,0.9189,1.2933,North Texas,1.3293,San Diego State
56,Florida Atlantic,American,4,1,5,True,rated,0.5707,7.7016,2.5562,43,2.5068,63,11.5047,0.4327,0.4088,3.1951,2.1429,0.4674,0.375,0.0962,0.1466,5.9931,6.2241,32.3415,27.9762,4.5833,3.4118,1.0,21.8763,26.0833,0.3916,1,162,92,0.7926,0.0074,0.1111,7.4,63.6,-4.2,5.6962,5.1104,3.481,3.6,3.2638,1.6,1.027,-14.2646,100,-16.147,1.9087,3.1429,2.3483,0.7828,0.8186,1.5297,0.3824,33,0.6854,0.9979,Florida International,0.8186,Florida
57,Georgia Southern,Sun Belt,2,3,5,True,rated,0.5579,3.3582,2.507,47,2.4588,60,12.0492,0.4175,0.417,2.48,2.1,0.4361,0.4051,0.1115,0.1058,5.8066,5.3029,26.44,31.34,4.4783,4.5652,0.6,27.7443,35.9268,0.3613,0,124,119,0.5244,-0.1244,-0.1244,7.0,63.2,6.8,4.5455,5.549,2.1212,4.0404,2.7189,2.2,1.0,-5.9509,54,-3.9967,1.9097,2.4246,0.6087,0.6087,3.0283,-2.4196,-0.6049,84,0.7482,0.6087,Coastal Carolina,1.194,Jacksonville State
58,Minnesota,Big Ten,4,1,5,True,rated,0.3506,8.5084,2.2024,63,2.1721,41,11.5193,0.4332,0.4063,2.4468,1.7273,0.4485,0.3938,0.1213,0.1106,5.2868,4.9336,35.9362,23.8409,4.2593,5.4286,0.6,32.0147,41.3605,0.497,2,136,83,0.7632,0.0368,0.0037,5.4,49.0,1.4,4.0956,4.2977,2.7304,2.8807,3.6381,1.4,0.963,-9.0305,74,-14.9623,1.9327,2.714,3.1438,1.0479,0.8131,2.3307,0.5827,23,0.835,1.2791,Michigan,0.8131,Mississippi State
59,West Virginia,Big 12,3,2,5,True,rated,-0.4979,5.7912,2.6883,34,2.7314,75,12.1391,0.4218,0.4855,3.0185,2.4909,0.4409,0.476,0.1342,0.1565,6.6454,6.9936,30.8148,26.4,5.1923,4.1852,0.2,22.7348,25.4196,0.7236,2,163,144,0.5729,0.0271,-0.0501,5.8,45.8,19.2,4.5181,4.6769,3.6145,3.2641,3.4072,2.0,1.0,-8.1198,68,-16.719,1.9594,2.6619,1.7461,0.8731,2.18,-0.4338,-0.1085,64,0.7192,1.1778,Virginia,1.1657,Iowa State
60,Jacksonville State,CUSA,3,2,5,True,rated,-0.772,5.9047,2.4905,49,2.5572,68,9.9098,0.4449,0.4638,2.9444,2.2895,0.4854,0.438,0.1297,0.1168,6.7615,5.3102,25.7778,24.2105,4.7222,4.0,-0.6,28.5816,,,0,123,106,0.5872,0.0128,-0.0322,5.8,51.0,14.6,3.5714,5.3211,0.3968,3.6545,3.0698,1.4,1.0,-10.402,81,-9.2567,1.9805,2.8805,1.7359,0.8679,1.9528,-0.2169,-0.0542,60,0.7594,0.9071,Georgia Southern,1.2067,Ohio
61,UConn,FBS Indep.,2,3,5,True,rated,-0.8594,10.199,2.4591,52,2.5335,66,11.9066,0.4004,0.4526,2.9348,2.2174,0.4387,0.4301,0.145,0.0932,6.4944,5.7097,30.3913,31.7391,4.5455,3.52,-0.4,25.1078,33.4118,0.5179,0,152,110,0.6828,-0.2828,-0.2799,8.8,81.8,-29.8,6.1856,4.9672,2.0619,3.7288,3.3463,2.2,1.0,-11.0458,86,-11.0458,1.902,2.8577,0.7439,0.7439,4.1315,-3.3875,-0.8469,94,0.5687,0.7439,Southern Miss,1.4284,Miami (OH)
62,South Florida,American,4,1,5,True,rated,-1.7952,4.876,2.1909,64,2.3462,54,10.633,0.4406,0.4426,2.7955,1.6222,0.4963,0.402,0.1185,0.1014,5.7259,5.1892,30.9773,27.4889,5.2727,3.6667,0.4,29.2444,38.4615,0.5942,0,123,73,0.775,0.025,-0.0056,5.0,35.0,13.6,4.8276,5.1104,3.4483,2.2222,3.2638,0.8,1.0,-15.4443,102,-24.0724,1.622,2.9583,2.8144,0.9381,1.5081,1.3063,0.3266,37,0.6445,0.9973,Florida International,1.5081,Temple
63,Massachusetts,MAC,4,1,5,True,rated,-1.9197,17.0249,2.3519,55,2.518,65,11.1556,0.4033,0.4421,3.1,1.4103,0.4475,0.3846,0.1416,0.0724,6.4018,4.1493,37.7,26.8974,4.4,3.6667,1.6,31.5936,35.7432,0.5133,2,145,55,0.9087,-0.1087,0.0018,7.4,66.6,-7.8,7.0833,4.7892,2.9167,4.5082,3.6479,1.8,1.0,-22.5052,107,-27.6213,1.23,3.1772,1.4653,0.7326,1.3206,0.1447,0.0482,50,0.4274,0.7494,Rutgers,1.3206,Eastern Michigan
64,Western Michigan,MAC,3,2,5,True,rated,-2.228,8.6209,1.9402,77,2.1329,37,10.2904,0.4202,0.4509,2.2439,1.7073,0.4118,0.4307,0.0784,0.1011,5.0235,5.0262,29.2927,26.878,4.381,3.7059,0.6,32.498,38.9286,0.5526,3,95,76,0.6292,-0.0292,-0.0044,5.0,47.4,11.4,2.5735,4.7892,1.8382,2.1583,3.6479,1.2,1.0,-10.286,80,-7.8484,1.9323,2.8222,1.4932,0.7466,1.9765,-0.4833,-0.1208,65,0.7097,0.8124,Rice,1.0695,Michigan
65,Colorado,Big 12,2,3,5,True,rated,-2.2375,3.526,1.8076,83,2.0012,30,12.2542,0.4037,0.3676,1.66,2.0408,0.4034,0.3692,0.1345,0.1219,5.7276,4.9498,26.44,35.5714,2.7333,3.7308,-1.2,24.7966,31.7053,0.5542,0,83,114,0.3204,0.0796,0.0767,9.0,82.6,-22.8,3.9088,4.6769,1.6287,5.414,3.4072,2.8,1.0,-2.0042,26,-10.9448,2.3207,2.4941,0.7485,0.7485,2.5529,-1.8044,-0.4511,78,0.8625,0.7485,Georgia Tech,0.9461,Northwestern
66,Vanderbilt,SEC,3,2,5,True,rated,-2.458,2.733,2.1507,66,2.3634,55,10.5166,0.4129,0.4139,2.1667,2.2653,0.4233,0.4172,0.1133,0.1241,5.79,5.6276,29.3958,27.5102,3.913,4.4545,0.0,29.5333,39.08,0.4915,1,127,125,0.5094,0.0906,0.0906,9.0,65.6,-27.4,8.1081,5.0904,4.8048,3.2573,3.4143,1.8,0.9778,0.1982,13,-10.1705,2.4078,2.3907,2.0649,1.0325,1.7889,0.276,0.069,48,0.8513,1.2035,NC State,1.0379,Auburn
67,Tulsa,American,3,2,5,True,rated,-2.624,9.042,1.8189,82,2.046,34,11.767,0.3721,0.3744,2.1538,1.8679,0.3912,0.383,0.0986,0.1023,5.2687,5.462,29.6538,25.9434,4.7143,3.8333,1.2,24.7211,32.65,0.4608,0,125,106,0.5965,0.0035,-0.0553,5.4,50.0,5.6,3.871,5.1104,0.6452,3.5422,3.2638,2.0,1.037,-8.4965,71,-11.3044,2.0624,2.7975,2.2865,1.1432,2.531,-0.2445,-0.0611,62,0.755,1.5247,Oklahoma State,1.3489,Arkansas
68,Washington,Big Ten,3,2,5,True,rated,-2.6442,4.2871,1.9607,74,2.1895,43,11.9348,0.4104,0.4019,2.2778,1.6226,0.4345,0.3707,0.1276,0.085,6.131,4.8844,29.5926,28.3208,4.64,3.7619,1.0,27.4586,36.134,0.4484,0,123,92,0.6656,-0.0656,-0.1055,8.2,77.8,-24.0,4.5307,4.2977,2.2654,6.7278,3.6381,3.2,0.9756,-10.1937,79,-20.2603,1.8585,2.7405,1.6807,0.8403,1.6786,0.0021,0.0005,56,0.8,0.9332,Utah State,0.9333,Minnesota
69,UNLV,Mountain West,3,2,5,True,rated,-3.5877,7.7243,1.8199,81,2.1303,36,12.1979,0.3582,0.4011,2.1455,1.8947,0.3754,0.3898,0.1229,0.131,6.2969,5.6422,30.2364,26.8421,3.9524,3.44,0.0,27.256,34.1485,0.5,3,125,108,0.5858,0.0142,0.0659,6.8,67.0,7.8,5.0157,5.7598,1.5674,3.8012,2.6547,2.2,1.0,-7.3471,62,-5.1768,2.2051,2.8408,2.5007,0.8336,2.2201,0.2807,0.0561,49,0.8527,1.0091,California,1.1952,North Texas
70,Illinois,Big Ten,2,3,5,True,rated,-4.5794,5.3447,2.6359,37,3.0321,93,9.7833,0.457,0.4669,3.0526,3.075,0.4885,0.4639,0.1298,0.1168,6.4237,6.0378,27.5263,26.825,4.0,4.913,-0.2,28.2748,34.9024,0.487,0,140,123,0.5761,-0.1761,-0.1953,4.6,43.2,24.4,3.5587,4.2977,0.0,3.1447,3.6381,1.8,1.0435,-2.2092,27,-11.492,2.3031,2.4942,1.0951,1.0951,2.8541,-1.759,-0.4398,76,0.8713,1.0951,UAB,1.2985,Purdue
71,Miami (OH),MAC,2,3,5,True,rated,-4.6927,10.5554,2.452,53,2.858,88,10.5432,0.3973,0.4729,2.7209,2.7174,0.4256,0.4556,0.1694,0.0926,7.0165,6.3037,34.0698,25.4348,4.1667,4.4706,-0.2,30.2438,39.5882,0.4503,0,131,125,0.5277,-0.1277,-0.0494,6.8,60.6,-16.4,5.6818,4.7892,2.2727,4.1958,3.6479,2.2,0.9706,-8.8711,73,-6.421,1.9495,2.717,0.7801,0.7801,2.9635,-2.1834,-0.5458,83,0.7922,0.7801,UConn,1.4364,Bowling Green
72,Ohio,MAC,3,2,5,True,rated,-4.9398,2.4275,2.5492,45,2.9766,91,10.0671,0.4216,0.4523,2.8372,2.9111,0.4498,0.429,0.1142,0.1188,5.8097,5.7492,30.7442,28.3111,4.32,5.0,-0.6,30.2907,38.8095,0.5492,1,134,134,0.5,0.1,0.1,4.8,44.4,11.0,3.3557,4.7892,1.6779,3.096,3.6479,1.8,1.0,-8.4451,70,-6.3697,1.9404,2.6711,2.0713,1.0357,1.9888,0.0825,0.0206,54,0.8154,1.1984,Jacksonville State,1.2617,South Alabama
73,California,ACC,2,3,5,True,rated,-6.2401,3.3135,2.0183,73,2.5582,69,11.7148,0.3837,0.3993,1.8909,2.2778,0.3762,0.3627,0.0932,0.1186,5.4277,5.7322,27.7091,35.037,3.3636,4.1304,0.2,25.2701,33.1759,0.4081,0,125,133,0.4633,-0.0633,-0.1088,9.4,86.8,-8.8,5.2941,5.009,1.4706,7.0769,4.043,3.6,1.0426,-7.9657,67,-14.9152,1.7478,2.437,1.1124,1.1124,2.9011,-1.7888,-0.4472,77,0.8658,1.1124,Syracuse,1.16,UNLV
74,South Alabama,Sun Belt,3,2,5,True,rated,-6.7279,1.5212,2.6254,38,3.2075,100,11.5769,0.3825,0.4765,3.2308,3.02,0.4324,0.4715,0.1261,0.1559,6.2012,7.384,31.9808,30.1,5.1852,5.2,1.2,27.952,33.6562,0.5888,2,177,151,0.593,0.007,0.0331,6.0,51.8,-12.2,5.5866,5.549,1.9553,2.5735,2.7189,1.2,0.9667,-10.6363,84,-7.7054,1.9505,2.8708,1.9227,0.9614,2.0727,-0.15,-0.0375,59,0.7721,1.2458,Ohio,1.2251,Tulane
75,Temple,American,2,3,5,True,rated,-6.925,7.4899,2.2164,62,2.8155,86,9.7365,0.3987,0.4581,2.4524,2.7209,0.4237,0.4503,0.1412,0.1291,6.4122,5.7252,27.0238,30.8372,3.6818,4.875,0.2,30.7252,36.9778,0.6286,1,123.0,124,0.4952,-0.0952,-0.1234,4.2,33.4,4.2,3.9568,5.1104,2.518,2.4768,3.2638,1.2,1.0,-4.4323,41,-7.4291,2.1468,2.5303,1.3603,1.3603,3.52,-2.1597,-0.5399,82,0.7973,1.3603,South Florida,1.3952,Army
76,Arkansas State,Sun Belt,2,3,5,True,rated,-7.1487,2.9208,2.1195,69,2.738,76,10.0991,0.4464,0.4828,2.0698,2.5435,0.4648,0.4759,0.125,0.1448,6.0352,6.6034,30.3721,26.0217,3.7273,4.4783,0.6,30.4609,38.2667,0.4714,0,103,117,0.4251,-0.0251,-0.115,4.4,35.4,18.8,3.69,5.549,1.845,1.6129,2.7189,0.8,1.0,-8.5485,72,-10.9839,1.8317,2.5713,0.7944,0.7944,3.3834,-2.589,-0.6473,87,0.717,0.7944,Kennesaw State,1.4471,TCU
77,San Diego State,Pac-12,2,3,5,True,rated,-8.9134,4.7961,1.4106,97,2.1818,42,11.7276,0.3318,0.4521,1.5192,2.2593,0.3192,0.4663,0.0962,0.1114,4.6462,6.0264,30.9038,28.9074,3.95,3.7241,-0.2,24.1,29.3596,0.5562,0,100.0,137,0.3217,0.0783,-0.0077,5.6,48.2,24.8,4.6263,4.8409,2.1352,1.662,2.9453,1.0,1.0,-4.1453,37,-5.3944,2.3711,2.7298,1.0773,1.0773,2.4819,-1.4046,-0.3511,72,0.9371,1.0773,Texas State,1.0539,Toledo
78,Rice,American,1,4,5,True,rated,-9.2071,7.2252,2.1843,65,2.9809,92,10.5117,0.3911,0.4417,2.0233,2.9268,0.4135,0.4302,0.094,0.155,5.3496,5.9457,27.1163,34.4878,4.4,5.1364,-0.6,29.7068,35.3359,0.7692,0,90,127,0.3066,-0.1066,-0.0698,4.6,39.4,-5.6,3.6101,5.1104,2.5271,3.3088,3.2638,0.8,1.0,-0.3308,15,-0.6287,2.176,2.2046,0.0,,3.6403,-3.6403,-0.9101,95,0.9198,,,1.2416,Western Michigan
79,Eastern Michigan,MAC,3,3,6,True,rated,-9.2536,13.1562,1.9475,75,2.7481,77,10.9313,0.3745,0.4587,2.1818,2.037,0.3932,0.4212,0.0867,0.1158,4.839,5.9518,26.1818,30.0926,5.5789,4.1739,0.3333,29.2074,36.593,0.4337,0,127,133,0.4727,0.0273,0.0708,4.3333,39.8333,27.0,4.0346,4.7892,1.7291,1.4749,3.6479,0.8333,1.0,-10.412,82,-10.036,1.7017,2.6025,2.041,1.0205,3.1656,-1.1247,-0.2249,67,0.8251,1.2446,Massachusetts,1.1742,San José State
80,UAB,American,3,2,5,True,rated,-9.4134,4.0265,1.7969,85,2.6114,73,10.6585,0.3903,0.4627,2.2553,1.9592,0.4351,0.43,0.0812,0.0887,5.2435,4.9386,32.4255,30.1837,3.5417,4.0455,0.2,29.2045,34.34,0.5661,1,113,117,0.4794,0.1206,0.085,6.8,59.0,-34.4,4.6154,5.1104,1.2308,5.0314,3.2638,2.2,0.9706,-13.6465,96,-15.3745,1.7827,2.9634,1.475,0.7375,2.4055,-0.9305,-0.2326,68,0.6267,0.7831,Navy,1.4101,Illinois
81,Utah State,Pac-12,1,4,5,True,rated,-10.2667,8.5978,1.5298,91,2.4181,58,11.3205,0.358,0.4277,1.3462,2.1765,0.3584,0.4172,0.1039,0.0798,5.2043,5.4417,28.9038,28.6275,3.1111,3.7143,-1.2,26.7527,32.4035,0.4645,1,70,125,0.2019,-0.0019,-0.0019,8.4,70.2,-18.6,8.125,4.8409,6.25,3.4884,2.9453,2.2,1.0476,-1.1112,20,-4.1213,2.2096,2.3057,1.0471,1.0471,4.9394,-3.8923,-0.7785,91,0.8742,1.0471,Troy,2.1492,Idaho State
82,Boston College,ACC,2,3,5,True,rated,-10.9542,7.1445,1.3953,98,2.3431,53,11.0096,0.3704,0.4083,1.5636,2.1273,0.3935,0.3976,0.1323,0.0856,5.4032,4.896,28.7455,32.8909,2.9583,3.9615,0.0,28.9387,35.7195,0.5337,1,88,117,0.3374,0.0626,0.021,7.0,59.4,-10.0,5.0595,5.009,3.5714,3.7681,4.043,1.8,0.9714,-6.6877,57,-15.2516,2.1053,2.6839,0.7897,0.7897,2.8963,-2.1066,-0.5266,80,0.8065,0.7897,Rutgers,1.034,SMU
83,Central Michigan,MAC,3,2,5,True,rated,-11.2435,8.3244,1.803,84,2.7758,80,10.6921,0.3725,0.4538,1.875,2.325,0.3965,0.437,0.0749,0.1063,5.0881,5.4449,28.1,30.575,4.2308,3.875,0.0,31.0264,39.033,0.703,3,75,93,0.3752,0.2248,0.3046,6.2,59.8,-0.8,3.3755,4.7892,0.8439,5.7762,3.6479,2.8,1.0,-4.451,42,-0.426,2.05,2.4351,1.6515,0.8258,1.6637,-0.0122,-0.0031,57,0.7973,0.9047,Wyoming,1.0778,New Mexico
84,San José State,Mountain West,3,2,5,True,rated,-11.5733,8.4347,1.3245,100,2.3259,52,12.7565,0.3381,0.4551,1.5849,1.9821,0.381,0.4395,0.1122,0.1051,5.5442,5.7166,25.8491,30.6964,3.8889,3.7308,-0.2,24.9354,31.2182,0.4746,1,87,118,0.3269,0.2731,0.1595,6.4,55.2,-8.4,6.9401,5.7598,4.1009,1.7964,2.6547,1.2,1.0,-9.4411,77,-7.7943,2.0486,2.8654,1.8214,0.9107,1.7302,0.0913,0.0228,53,0.8167,1.0641,Eastern Michigan,0.967,Fresno State
85,Rutgers,Big Ten,1,4,5,True,rated,-12.0492,9.7441,2.1043,70,3.1468,98,11.8737,0.4357,0.4742,2.3636,3.0444,0.4563,0.4777,0.119,0.17,6.131,7.3522,29.0455,31.3111,4.2857,4.6,-0.8,28.5595,37.9333,0.5133,0,104,144,0.3162,-0.1162,-0.2582,4.0,26.6,28.2,3.3835,4.2977,1.8797,2.6515,3.6381,0.4,1.05,-4.9681,45,-18.0531,2.1964,2.6262,0.0,,4.0165,-4.0165,-1.0041,99,0.85,,,1.4042,Boston College
86,Colorado State,Pac-12,2,3,5,True,rated,-12.6975,7.1652,2.6467,35,3.7453,107,11.9356,0.4271,0.5422,3.087,3.6957,0.4528,0.5595,0.1132,0.1587,6.9132,8.1746,29.1522,27.6957,5.35,5.4,1.4,24.8151,34.3962,0.458,1,152,180,0.4011,-0.0011,-0.0813,4.4,32.4,23.2,4.6263,4.8409,2.847,1.5267,2.9453,0.8,1.0,-4.6504,43,-9.2403,2.0691,2.4714,0.9439,0.9439,2.8344,-1.8905,-0.4726,79,0.8468,0.9439,Wyoming,1.1785,Oregon State
87,Arkansas,SEC,2,3,5,True,rated,-12.9802,10.639,1.9264,78,3.0495,94,10.4797,0.4141,0.4321,1.875,2.881,0.4024,0.435,0.0876,0.1256,4.8606,6.0,28.175,29.4048,4.1667,6.2105,-0.6,29.3187,34.8283,0.4301,1,78,121,0.261,0.139,0.1016,6.2,48.4,12.2,2.6316,5.0904,1.1278,5.668,3.4143,2.2,1.0323,2.5086,9,-5.9961,2.3374,2.1203,1.1928,1.1928,2.5582,-1.3653,-0.3413,71,0.9445,1.1928,Tulsa,1.0692,Texas A&M
88,Coastal Carolina,Sun Belt,1,4,5,True,rated,-13.7677,3.6806,1.5854,90,2.7766,81,11.6592,0.3683,0.4719,1.86,2.451,0.4014,0.4674,0.1315,0.1268,5.8166,6.6703,25.84,30.6667,4.2222,4.0,-0.2,27.1592,36.4756,0.4921,0,114,125,0.4456,-0.2456,-0.2952,9.2,73.4,-12.2,8.125,5.549,3.4375,3.3784,2.7189,1.2,0.9348,-11.052,87,-13.9545,1.8757,2.8319,0.0,,5.1569,-5.1569,-1.2892,107,0.6383,,,1.5009,Delaware
89,Marshall,Sun Belt,3,2,5,True,rated,-14.0035,7.1829,2.0342,72,3.2458,102,11.2566,0.4204,0.5042,2.16,3.0,0.4422,0.4783,0.1155,0.1405,6.1023,7.5318,26.6,26.5918,3.48,4.48,-0.8,27.1848,34.1096,0.5422,1,111,161,0.2929,0.3071,0.3463,6.8,64.0,0.0,6.0241,5.549,2.7108,3.1348,2.7189,1.6,0.9412,-7.5969,66,-10.4098,1.8555,2.5128,1.6015,0.8007,1.8303,-0.2288,-0.0572,61,0.7571,0.83,Middle Tennessee,1.1103,Penn State
90,Washington State,Pac-12,1,4,5,True,rated,-14.2367,5.114,1.2753,101,2.5071,64,11.9966,0.3448,0.4311,1.2593,2.3585,0.3431,0.4189,0.0949,0.1284,4.8978,6.0845,24.1296,34.3774,3.375,3.8065,-1.0,26.573,34.1628,0.5217,0,95,125,0.3429,-0.1429,-0.1429,6.8,54.2,10.6,5.9801,4.8409,3.3223,2.8391,2.9453,1.6,1.0,-5.3644,49,-7.4316,2.1597,2.6238,0.0,,3.9581,-3.9581,-0.9895,98,0.8608,,,1.1569,Washington
91,Middle Tennessee,CUSA,2,3,5,True,rated,-14.9833,6.1292,1.6534,88,2.9497,90,10.6122,0.3681,0.4858,2.0455,2.587,0.4075,0.4821,0.1057,0.1286,5.366,6.3071,29.0909,26.8913,4.5,4.7727,1.0,30.1396,38.0263,0.4356,0,104,119,0.4208,-0.0208,0.0692,7.4,53.8,-2.0,6.6667,5.3211,3.1579,2.6578,3.0698,1.4,0.973,-13.8629,98,-17.1356,1.7626,2.962,0.857,0.857,3.8074,-2.9504,-0.7376,89,0.65,0.857,Nevada,1.4233,Kansas
92,Delaware,CUSA,2,3,5,True,rated,-15.3967,6.664,1.4819,93,2.814,85,12.1199,0.3735,0.4682,1.4444,2.381,0.3827,0.4535,0.1111,0.1202,5.251,6.155,25.2,29.8571,3.9333,3.6,-0.2,27.5844,35.2812,0.4779,1,79,107,0.3276,0.0724,0.0046,4.6,45.2,12.2,3.1128,5.3211,1.5564,2.9091,3.0698,1.4,0.913,-10.552,83,-13.7194,1.6791,2.592,0.5956,0.5956,3.3722,-2.7765,-0.6941,88,0.6819,0.5956,Coastal Carolina,1.2278,Virginia
93,Ball State,MAC,1,4,5,True,rated,-15.6738,5.7888,1.7214,87,3.0776,95,10.9066,0.3538,0.4488,1.9556,3.0222,0.3508,0.433,0.1089,0.1409,5.4879,6.4914,27.4444,27.6667,3.9412,4.7917,-0.2,28.0,36.7895,0.5,0,88,140,0.2497,-0.0497,0.0328,7.2,63.2,0.0,6.2963,4.7892,2.963,2.5974,3.6479,1.0,1.0,-4.8335,44,-3.5974,2.1329,2.5511,0.0,,4.3122,-4.3122,-1.078,102,0.7951,,,1.4925,Kent State
94,Hawai'i,Mountain West,1,4,5,True,rated,-16.0284,5.0054,1.4219,96,2.8087,84,11.0621,0.3729,0.4965,1.6,2.0566,0.3983,0.449,0.0974,0.1369,5.1347,6.1019,26.1636,26.2075,3.375,4.4348,-0.4,25.6819,34.2588,0.3077,0,88,124,0.3073,-0.1073,-0.1073,7.4,54.4,-0.4,5.615,5.7598,3.4759,2.0958,2.6547,1.4,1.0,-13.016,93,-16.5439,1.5311,2.6573,0.8883,0.8883,4.9524,-4.0641,-0.8128,93,0.8422,0.8883,New Mexico State,1.4734,Wyoming
95,Stanford,ACC,2,3,5,True,rated,-16.3376,5.9857,1.8677,79,3.2813,103,12.003,0.3701,0.4765,1.7727,3.4783,0.3889,0.4949,0.1071,0.1717,5.6389,6.7407,26.1136,27.4565,3.55,5.9259,0.8,24.2381,34.4203,0.4481,1,87,160,0.1909,0.2091,0.2657,7.4,60.6,3.2,5.4745,5.009,2.1898,2.7607,4.043,1.2,0.973,3.0839,8,-16.0284,2.5168,2.25,1.4739,0.7369,2.2235,-0.7496,-0.1499,66,1.0591,0.7685,Hawai'i,0.8779,Wake Forest
96,Kent State,MAC,2,3,5,True,rated,-16.7467,9.4243,1.1305,104,2.5794,70,11.4003,0.3289,0.462,1.5,2.2857,0.3511,0.441,0.084,0.1004,4.9695,5.6114,27.0238,30.9048,3.7059,4.45,-0.6,30.313,38.4875,0.5329,2,72,112,0.2598,0.1402,0.2521,9.4,74.0,-24.0,8.4459,4.7892,6.0811,4.0486,3.6479,1.2,1.0213,-5.2112,48,-1.8141,2.3144,2.7653,0.7483,0.7483,3.253,-2.5047,-0.6262,86,0.7326,0.7483,Ball State,1.2972,South Carolina
97,New Mexico State,CUSA,2,3,5,True,rated,-16.7502,6.002,1.4725,94,2.9218,89,11.4045,0.3617,0.4449,1.9149,2.44,0.3913,0.4144,0.1377,0.1336,5.8442,5.9486,28.4043,30.46,3.619,5.0833,-0.6,26.6087,35.787,0.4714,0,110,125,0.4248,-0.0248,-0.1306,6.4,52.0,9.0,5.7047,5.3211,3.3557,1.8868,3.0698,0.8,0.9688,-12.7253,91,-10.8697,1.8181,2.9191,0.7404,0.7404,3.7068,-2.9665,-0.7416,90,0.6469,0.7404,Western Kentucky,1.5899,Hawai'i
98,Wyoming,Mountain West,2,3,5,True,rated,-16.831,7.0126,1.1709,102,2.6271,74,10.4841,0.3651,0.4944,1.5455,2.2917,0.4269,0.4644,0.1385,0.1115,5.4077,5.7059,28.6136,25.4792,3.5789,4.1739,-1.2,30.9115,39.4091,0.5778,0,71,110,0.2616,0.1384,0.1384,5.6,49.4,-4.6,6.1151,5.7598,3.2374,1.7391,2.6547,0.8,1.0,-13.5614,95,-19.9965,1.8602,3.0336,0.7979,0.7979,3.273,-2.4751,-0.6188,85,0.7381,0.7979,Hawai'i,1.4006,Colorado State
99,Bowling Green,MAC,1,4,5,True,rated,-18.6712,9.3065,1.1651,103,2.7806,82,10.8711,0.3529,0.4715,1.1628,2.8537,0.3755,0.4735,0.0886,0.1416,4.7679,7.3319,26.0,31.0,2.5714,4.2273,-0.2,30.7046,39.6883,0.539,0,50,138,0.0827,0.1173,0.1255,6.6,57.2,6.8,2.4096,4.7892,1.6064,5.6452,3.6479,2.6,0.9697,-2.6716,31,-2.1664,2.3724,2.6036,1.0002,1.0002,4.9744,-3.9742,-0.7948,92,0.859,1.0002,Miami (OH),2.1492,Tarleton State
100,Old Dominion,Sun Belt,1,4,5,True,rated,-19.0358,6.4853,1.1278,105,2.7748,79,12.1747,0.3004,0.3839,1.2885,2.6038,0.2946,0.372,0.1079,0.1092,4.2199,5.2457,30.3077,36.3962,3.7647,4.6786,-0.4,26.722,,,0,84,152,0.1969,0.0031,-0.0374,7.4,69.2,-7.0,6.0606,5.549,3.0303,4.0625,2.7189,2.4,1.0,-5.4514,50,-11.4562,2.2398,2.7115,0.0,,3.9298,-3.9298,-0.9824,96,0.8661,,,1.2958,East Carolina
101,Buffalo,MAC,2,3,5,True,rated,-20.0363,4.201,1.4593,95,3.1929,99,12.8124,0.3331,0.4441,1.5714,2.2593,0.3505,0.3772,0.0785,0.1107,4.426,5.9689,27.4464,33.4444,3.8571,4.25,-1.4,24.9607,31.4928,0.6164,1,95,132,0.3144,0.0856,0.1233,6.2,64.0,0.6,3.9548,4.7892,1.9774,3.6066,3.6479,1.8,0.9355,-13.9693,99,-16.9047,1.3589,2.5676,0.0,,3.6409,-3.6409,-1.2136,105,0.5208,,,1.3665,Florida International
102,UTEP,Mountain West,1,4,5,True,rated,-20.1111,7.1462,1.85,80,3.59,106,11.262,0.3994,0.514,1.75,3.8182,0.3743,0.5286,0.0877,0.1571,4.5789,7.0714,32.1389,30.2727,4.0833,5.0909,-0.6,27.7544,37.4,0.5909,0,63.0,159.0,0.1003,0.0997,0.0998,6.0,51.4,17.8,5.3476,5.7598,2.139,3.5088,2.6547,0.8,1.0,-2.6685,30,-6.244,2.102,2.3329,0.0,,4.2692,-4.2692,-1.0673,101,0.8031,,,1.1295,Oregon State
103,Western Kentucky,CUSA,1,4,5,True,rated,-20.1476,12.4536,1.3442,99,3.0874,96,12.0474,0.3796,0.4567,1.2308,3.2143,0.3718,0.455,0.0897,0.165,4.8248,7.695,23.1795,33.881,3.4,5.4286,-1.0,25.7393,30.974,0.4527,0,51,156,0.066,0.134,0.0379,5.0,39.6,-6.4,6.3492,5.3211,3.1746,2.4155,3.0698,1.0,1.0,-5.8304,53,-3.1005,2.2024,2.7069,0.0,,4.4446,-4.4446,-1.1112,103,0.7705,,,1.5716,Nevada
104,Sacramento State,MAC,1,4,5,True,rated,-20.4088,7.1061,1.0637,107,2.8295,87,11.8545,0.3814,0.4215,1.1364,2.4773,0.3967,0.367,0.0785,0.1468,4.4793,6.2844,32.6591,27.25,3.125,5.4375,-1.8,25.7645,37.5273,0.434,0,57,126,0.1324,0.0676,-0.0404,7.0,65.0,-6.8,5.7034,4.7892,1.5209,4.329,3.6479,1.8,1.0286,-9.8892,78,-12.7576,1.8434,2.699,0.0,,4.1147,-4.1147,-1.0287,100,0.8318,,,1.2833,Eastern Michigan
105,Akron,MAC,1,4,5,True,rated,-20.551,6.6063,1.5049,92,3.283,104,11.4101,0.4014,0.4691,1.4186,3.0667,0.4103,0.4467,0.1368,0.1557,5.3034,7.1311,27.8837,30.0667,3.1765,4.8889,-1.2,28.1197,34.9038,0.4587,0,61,148,0.109,0.091,-0.0057,5.6,52.0,11.4,4.8,4.7892,2.0,2.3438,3.6479,1.0,1.0,-7.2115,61,-6.2035,1.8411,2.465,0.0,,3.9469,-3.9469,-0.9867,97,0.8629,,,1.1439,Central Michigan
106,UL Monroe,Sun Belt,0,5,5,True,rated,-22.3601,4.0809,1.6222,89,3.5568,105,11.6973,0.3958,0.5195,2.102,3.8,0.4424,0.5261,0.1301,0.1503,5.7732,7.0,29.1837,29.1778,4.0455,5.5,-0.6,27.9033,32.8732,0.5573,0,103,202,0.1685,-0.1685,-0.1871,4.4,35.4,13.4,4.5775,5.549,2.8169,0.625,2.7189,0.0,1.0,-6.381,56,-6.2943,2.325,2.8771,0,,6.3058,-6.3058,-1.2612,106,0.824,,,2.1492,SE Louisiana
107,Charlotte,American,0,5,5,True,rated,-24.6405,5.917,1.081,106,3.213,101,11.533,0.3193,0.488,1.1875,3.2083,0.3415,0.4899,0.1138,0.1081,5.2724,6.0068,25.4583,32.4792,2.3333,5.3846,-1.8,28.3211,34.2453,0.4179,0,83,175,0.1458,-0.1458,-0.1155,7.2,50.8,-0.8,7.0111,5.1104,5.1661,3.3951,3.2638,1.6,1.0,-5.6999,51,-7.962,2.1955,2.6886,0,,5.9829,-5.9829,-1.1966,104,0.8839,,,2.1492,The Citadel
,Texas,SEC,4,0,4,False,tentative,19.9091,5.6349,2.8154,,1.0928,,11.0754,0.4524,0.3203,2.6842,1.0833,0.456,0.3221,0.104,0.0865,5.264,4.2692,30.4211,28.0833,5.1,3.0,0.0,25.748,34.0886,0.4805,1,109,53,0.8467,0.1533,0.1015,6.25,62.5,-3.75,3.1008,5.0904,0.7752,4.0,3.4143,2.0,1.0,9.2931,,8.0815,2.863,2.0589,5.1492,1.2873,0,5.1492,1.2873,,1.202,1.4508,Ohio State,,
,Utah,Big 12,4,0,4,False,tentative,17.2876,4.6823,3.1019,,1.6061,,11.4478,0.4773,0.362,4.0938,0.9,0.5344,0.3046,0.1534,0.0575,7.6243,3.6897,33.0625,24.8,5.85,3.0,1.0,26.6402,33.9577,0.525,1,138,27,0.9795,0.0205,0.0319,5.25,43.0,10.5,4.4335,4.6769,2.4631,4.2328,3.4072,2.0,1.0,-13.0832,,-17.9712,1.8735,3.0055,3.0846,1.0282,0,3.0846,1.0282,,0.72,1.2063,Iowa State,,
,Northwestern,Big Ten,3,1,4,False,tentative,16.1015,6.7584,3.2514,,1.8582,,10.9242,0.5058,0.4499,3.2308,1.5526,0.5023,0.439,0.1719,0.126,7.1538,5.6545,27.3846,27.0789,5.2727,2.8889,1.25,28.8824,35.65,0.5714,1,126,61,0.848,-0.098,-0.083,8.25,64.0,-2.75,6.2762,4.2977,4.1841,4.8689,3.6381,2.5,1.0,4.4262,,-4.622,2.3158,1.9328,2.2287,1.1144,0.8052,1.4235,0.4745,,0.832,1.2558,Penn State,0.8052,Indiana
,BYU,Big 12,4,0,4,False,tentative,14.5956,5.2449,2.8784,,1.6156,,10.7961,0.4855,0.3769,3.5714,1.0,0.5421,0.3539,0.1421,0.0843,7.1316,4.6629,31.2,26.7941,5.8421,3.4,1.25,31.5105,38.8413,0.5299,3,132,34,0.9614,0.0386,0.093,6.75,54.75,-23.5,6.7308,4.6769,4.3269,3.1579,3.4072,0.75,1.0,-11.1151,,-29.8732,1.9771,2.9388,3.1881,1.0627,0,3.1881,1.0627,,0.7442,1.3981,Arizona,,
,UCLA,Big Ten,4,0,4,False,tentative,12.8976,6.0328,3.0137,,1.8978,,12.393,0.4742,0.3818,3.381,1.5814,0.5108,0.3458,0.1732,0.1,7.1342,4.775,35.5,25.7907,5.2609,4.3571,2.0,28.9307,38.1446,0.5084,3,159,75,0.8558,0.1442,0.1129,10.0,85.75,-35.5,6.3745,4.2977,3.9841,5.7915,3.6381,3.0,1.0,-2.9774,,-7.5768,2.1708,2.4284,3.9649,0.9912,0,3.9649,0.9912,,0.9255,1.0356,Purdue,,
,Oregon,Big Ten,3,1,4,False,tentative,12.3434,7.8838,3.1603,,2.0923,,12.1429,0.4386,0.3716,3.525,2.3846,0.4537,0.412,0.1586,0.1073,7.3436,5.6652,34.925,32.4359,5.8261,3.9091,1.25,25.9912,33.5,0.4375,1,148,93,0.7505,-0.0005,-0.0946,7.25,67.75,-33.0,5.3498,4.2977,3.2922,4.065,3.6381,2.0,0.9655,-3.2833,,-7.5317,2.3945,2.6786,3.0651,1.5326,1.1086,1.9565,0.6522,,0.9569,1.5788,USC,1.1086,Oklahoma State
,Kansas State,Big 12,3,1,4,False,tentative,8.2089,6.6018,3.0227,,2.3124,,11.1487,0.4472,0.3977,3.6364,1.5882,0.4957,0.3258,0.1261,0.1461,6.6478,5.1629,30.0909,25.9118,5.0476,4.1538,-0.25,28.8435,36.7564,0.4826,1,127,61,0.8504,-0.1004,-0.1601,3.75,34.75,1.0,2.5105,4.6769,1.6736,3.125,3.4072,1.25,1.0,-13.5657,,-19.4244,1.534,2.7077,1.9221,0.9611,0.9799,0.9423,0.3141,,0.7199,1.2,Tulane,0.9799,Cincinnati
,Ole Miss,SEC,3,1,4,False,tentative,8.0021,5.4971,3.0985,,2.4062,,10.833,0.5075,0.4487,3.3846,3.0,0.502,0.4741,0.1143,0.1355,6.3918,6.1514,27.5128,31.675,5.2273,4.5238,-1.0,23.6694,29.3548,0.3759,0,135,120,0.5693,0.1807,0.1657,7.25,64.5,-2.75,5.618,5.0904,2.9963,2.5735,3.4143,1.5,0.9655,3.5007,,-9.8892,2.7119,2.4091,3.2248,1.0749,0.8293,2.3954,0.5989,,1.0589,1.5244,LSU,0.8293,Florida
,Oklahoma State,Big 12,3,1,4,False,tentative,7.9772,8.6184,2.6313,,1.9411,,11.753,0.4784,0.4072,2.9512,1.7561,0.4962,0.3867,0.1553,0.0978,7.3106,5.3956,28.0732,32.0488,4.0714,3.7895,-1.0,24.9432,30.89,0.4688,0,121,79,0.7331,0.0169,-0.0681,5.0,51.75,-1.75,3.2258,4.6769,1.7921,2.4896,3.4072,1.5,1.0,-9.536,,-12.5487,2.009,2.8341,2.7405,1.3702,1.3244,1.4161,0.472,,0.831,1.6184,Oregon,1.3244,Tulsa
,Oklahoma,SEC,2,2,4,False,tentative,6.8923,9.9544,1.9583,,1.362,,11.7685,0.4087,0.3258,1.4571,1.3429,0.3646,0.3081,0.099,0.0757,5.3646,4.0757,24.8,36.1429,3.3636,2.5,-1.5,28.5104,33.8644,0.4803,0,58,54,0.5422,-0.0422,-0.1802,6.5,53.5,-3.25,5.2885,5.0904,3.8462,3.9024,3.4143,1.75,1.0,4.894,,-2.033,2.613,2.1895,2.0803,1.0402,1.8228,0.2575,0.0644,,1.0599,1.372,New Mexico,1.0718,Michigan
,North Carolina,ACC,2,2,4,False,tentative,4.8127,4.0145,2.6546,,2.2382,,10.3896,0.4634,0.442,2.3143,2.0833,0.4472,0.4494,0.1256,0.0688,5.8844,5.3117,28.4857,30.9167,5.0625,3.75,-0.25,28.397,38.2821,0.4487,2,89,75,0.6,-0.1,-0.1206,4.0,28.75,24.75,3.3493,5.009,1.9139,1.1583,4.043,0.25,1.0,1.3881,,0.8108,2.1838,2.0637,0.9729,0.9729,1.665,-0.692,-0.2307,,0.838,0.9729,TCU,1.0298,Clemson
,Kansas,Big 12,2,2,4,False,tentative,2.5075,8.6198,2.0859,,1.8689,,12.265,0.4284,0.3433,2.3158,1.2308,0.4545,0.2888,0.1645,0.0802,6.342,4.1711,29.1316,33.1282,4.0,3.4167,-1.0,26.013,33.5062,0.6121,0,102,62,0.7649,-0.2649,-0.3555,6.75,59.75,-10.75,6.8,4.6769,2.8,2.4752,3.4072,1.25,1.0,-12.9302,,-16.4694,1.6973,2.816,0.8685,0.8685,2.2167,-1.3482,-0.4494,,0.6856,0.8685,Middle Tennessee,1.3724,Arizona State
,Duke,ACC,4,0,4,False,tentative,2.2757,2.8954,2.265,,2.0681,,11.4605,0.3786,0.4238,3.1842,1.2571,0.4348,0.3757,0.1739,0.0635,6.7261,4.8095,31.2105,27.0857,4.9167,3.3636,0.25,29.0,36.4634,0.5635,2,121,44,0.9166,0.0834,0.0559,8.5,76.25,-5.0,7.5099,5.009,4.3478,3.7383,4.043,1.75,1.0,-18.9108,,-19.7685,1.6263,3.2625,3.1573,1.0524,0,3.1573,1.0524,,0.737,1.143,Tulane,,
,Army,American,2,2,4,False,tentative,1.9208,10.4996,2.9265,,2.7603,,10.2196,0.4773,0.4888,3.6207,2.7241,0.5219,0.489,0.1404,0.1593,6.057,7.6044,26.7931,21.6552,5.3889,3.5833,-0.5,31.4035,39.9265,0.8305,1,105,79,0.6625,-0.1625,-0.2746,4.0,43.75,-2.75,3.2922,5.1104,0.823,1.5789,3.2638,0.75,0.9375,-9.2131,,-14.0661,2.0551,2.8523,0.9942,0.9942,2.3552,-1.361,-0.4537,,0.6828,0.9942,Temple,1.3206,Louisiana Tech
,Syracuse,ACC,2,2,4,False,tentative,1.7971,6.1648,2.3279,,2.1724,,11.2558,0.4333,0.4274,2.575,1.9231,0.4354,0.3972,0.1218,0.1215,5.9041,5.4813,31.55,28.7692,3.6923,3.5789,-0.25,26.1697,31.4646,0.4577,0,123,89,0.6828,-0.1828,-0.2267,11.0,103.25,-29.75,4.7782,5.009,2.0478,7.0833,4.043,3.0,0.9773,-8.6959,,-21.6429,1.9436,2.696,0.7716,0.7716,2.0408,-1.2691,-0.423,,0.7038,0.7716,UConn,1.4071,California
,Louisiana Tech,Sun Belt,2,2,4,False,tentative,-1.1158,5.3132,2.3777,,2.4742,,12.1332,0.3796,0.3843,2.5294,2.6053,0.3693,0.3894,0.1364,0.1327,6.1705,5.8717,30.0882,34.5,4.9231,4.1579,0.75,29.0284,35.225,0.4795,0,100.0,99,0.506,-0.006,-0.1254,6.5,55.5,24.5,5.291,5.549,3.1746,5.3061,2.7189,2.25,0.9615,-7.1166,,-7.1166,2.1804,2.7962,1.0655,1.0655,1.8282,-0.7627,-0.2542,,0.8217,1.0655,Army,0.9651,Baylor
,Arizona State,Big 12,2,2,4,False,tentative,-2.3127,9.1346,2.2401,,2.4402,,12.4798,0.4298,0.3989,2.2619,2.3415,0.4233,0.3894,0.1488,0.125,6.3395,6.0481,30.2619,31.1463,3.8947,4.1579,-1.0,26.9628,33.6,0.4245,1,109,117,0.4581,0.0419,-0.0273,5.25,41.0,-11.25,4.0,4.6769,3.1111,3.653,3.4072,1.5,1.0,-4.417,,-15.4644,2.1419,2.5241,1.0738,1.0738,2.0379,-0.9641,-0.3214,,0.775,1.0738,Kansas,1.0764,Texas A&M
,App State,Sun Belt,3,1,4,False,tentative,-3.106,7.5917,2.2927,,2.5614,,11.2493,0.3967,0.4519,2.6585,2.0,0.4268,0.4304,0.1423,0.1217,6.3013,5.2522,30.439,26.125,4.7391,4.2941,1.0,27.7155,31.7342,0.5086,1,115,86,0.6657,0.0843,0.008,7.5,58.75,-1.0,6.4151,5.549,4.5283,3.2389,2.7189,1.75,1.0333,-16.3646,,-16.3646,1.4757,2.8916,1.8342,0.9171,1.2569,0.5773,0.1924,,0.6351,1.1132,East Carolina,1.2569,NC State
,Sam Houston,CUSA,1,3,4,False,tentative,-4.1253,3.212,2.0305,,2.3874,,12.2895,0.4503,0.4301,1.8864,1.8293,0.4455,0.3889,0.0955,0.1157,6.0,5.3611,27.1136,28.122,3.875,4.1333,0.5,27.9727,34.4833,0.3333,0,83,89,0.4587,-0.2087,-0.3352,7.25,59.0,-10.75,6.7511,5.3211,2.9536,3.4335,3.0698,1.75,1.0,-8.8191,,-8.8191,1.7079,2.471,0.0,,3.2772,-3.2772,-1.0924,,0.7354,,,1.4465,Troy
,Tulane,American,2,2,4,False,tentative,-4.6726,2.8894,1.664,,2.0682,,11.4313,0.3519,0.4253,1.7045,2.1136,0.3476,0.4104,0.1202,0.1381,5.9485,6.2687,23.2045,26.3864,3.3571,3.5833,-0.25,26.03,32.5526,0.5363,0,75,93,0.3752,0.1248,0.1248,7.5,54.75,6.0,6.3241,5.1104,4.3478,2.3973,3.2638,1.5,0.9667,-1.5471,,-1.5471,2.4464,2.5803,1.8252,0.9126,1.921,-0.0958,-0.0239,,0.9775,1.1881,South Alabama,1.1367,Kansas State
,Troy,Sun Belt,2,2,4,False,tentative,-5.3483,8.2794,1.866,,2.3287,,12.0001,0.3881,0.42,1.8085,1.7174,0.3855,0.3805,0.0982,0.1195,5.4618,5.2257,26.3404,30.2391,3.1667,4.3333,-0.25,28.5345,36.4842,0.5209,0,85,86,0.4931,0.0069,0.0069,7.75,77.5,-12.5,4.3919,5.549,2.7027,5.098,2.7189,3.0,1.0,-7.2967,,-7.2967,1.7797,2.411,0.8169,0.8169,2.2768,-1.4599,-0.4866,,0.6596,0.8169,Sam Houston,1.4408,Utah State
,Air Force,Mountain West,3,1,4,False,tentative,-5.9822,0.8267,2.0853,,2.6029,,10.4637,0.4084,0.4115,2.5405,2.0556,0.4466,0.3542,0.0992,0.1146,5.2786,5.6458,30.1351,27.2222,5.3529,4.5,0.0,30.2748,35.7263,0.8506,0,109,80,0.6755,0.0745,0.0431,6.0,53.75,-16.0,4.7101,5.7598,1.4493,2.439,2.6547,1.0,0.9167,-13.9116,,-27.0881,1.7295,2.9332,1.4624,0.7312,0.7729,0.6895,0.2298,,0.6606,0.7422,Nevada,0.7729,North Dakota State
,Navy,American,1,3,4,False,tentative,-6.7349,2.2503,1.9661,,2.5488,,11.3724,0.4182,0.4171,2.3243,2.2564,0.4688,0.3983,0.1205,0.0823,5.9598,5.4848,27.0541,30.8718,4.1429,4.0667,-0.5,29.2902,36.443,0.777,1,88,91,0.4801,-0.2301,-0.3115,5.5,45.0,-8.75,4.2373,5.1104,3.3898,3.2258,3.2638,1.75,0.9545,-13.0484,,-21.6754,1.8664,2.9954,0.0,,3.3642,-3.3642,-1.1214,,0.7152,,,1.319,UAB
,East Carolina,American,2,2,4,False,tentative,-7.7008,7.0918,1.7633,,2.4296,,12.2863,0.4162,0.4097,2.0789,1.8684,0.4309,0.3493,0.1117,0.1244,6.4362,5.0718,28.8947,29.4211,4.0625,3.9444,-0.5,23.4947,25.1212,0.5357,0,93,85,0.5531,-0.0531,0.03,8.5,84.5,-18.0,5.8537,5.1104,2.439,4.6809,3.2638,2.25,0.9706,-9.4344,,-9.4344,2.0063,2.8225,0.7843,0.7843,1.7388,-0.9545,-0.3182,,0.7768,0.7843,Old Dominion,1.2143,App State
,Kennesaw State,CUSA,1,3,4,False,tentative,-8.2277,7.4469,1.8527,,2.5646,,11.0153,0.4152,0.4496,2.1765,2.4412,0.4592,0.466,0.102,0.1311,5.7653,6.2524,29.0,30.7941,5.1667,3.8,0.25,25.0663,29.4038,0.5977,0,74,83,0.4324,-0.1824,-0.2299,6.75,58.75,-6.75,5.2381,5.3211,2.381,2.2321,3.0698,1.25,1.0,-8.2391,,-8.2391,2.0487,2.7615,0.0,,3.4642,-3.4642,-1.1547,,0.692,,,1.4874,Arkansas State
,Florida International,CUSA,2,2,4,False,tentative,-9.4456,3.9697,1.4334,,2.2506,,10.8126,0.3654,0.3927,1.7561,1.4872,0.386,0.3347,0.1298,0.0669,5.6842,4.0126,31.6098,32.7436,2.95,3.2222,-1.0,27.0596,34.8676,0.5163,2,72,58,0.6254,-0.1254,-0.1254,6.75,53.5,-9.0,7.1197,5.3211,3.5599,0.7905,3.0698,0.5,1.0741,-18.0328,,-18.0328,1.5551,3.1153,0.711,0.711,2.1034,-1.3924,-0.4641,,0.6751,0.711,Buffalo,1.0631,South Florida
,Nevada,Mountain West,1,3,4,False,tentative,-9.6808,9.8006,1.8338,,2.6714,,11.2673,0.3759,0.4538,2.2821,2.025,0.4123,0.4264,0.1272,0.0969,6.2807,5.1899,25.641,32.15,5.0,4.5,-1.25,24.3947,32.6447,0.5625,0,95,90,0.532,-0.282,-0.3187,6.0,55.25,31.75,4.4898,5.7598,2.449,2.8369,2.6547,1.75,1.0,-13.9329,,-16.5832,1.6673,2.8728,0.7431,0.7431,4.7784,-4.0353,-1.0088,,0.5607,0.7431,Western Kentucky,2.1492,Montana State
,Southern Miss,Sun Belt,1,3,4,False,tentative,-9.9451,11.3104,1.8726,,2.733,,12.318,0.4,0.4483,1.9444,2.4118,0.4348,0.4115,0.1063,0.1292,5.6425,6.0718,22.6944,29.1176,4.2,3.3571,0.5,24.1256,28.3704,0.4453,1,70,104,0.2812,-0.0312,-0.1417,7.25,67.25,1.75,7.1111,5.549,3.5556,3.1532,2.7189,1.5,0.931,-10.869,,-10.869,1.8666,2.807,0.0,,3.7335,-3.7335,-1.2445,,0.6296,,,1.6258,UConn
,Georgia Tech,ACC,1,3,4,False,tentative,-10.4843,6.1492,2.0556,,2.9627,,10.1719,0.4304,0.4696,2.2222,2.5676,0.453,0.4331,0.1538,0.126,5.8932,5.8661,27.1389,30.1351,3.4762,4.05,-0.75,26.453,32.0135,0.4464,1,101,104,0.4827,-0.2327,-0.2723,8.0,65.0,22.75,7.3077,5.009,3.0769,3.6232,4.043,2.0,1.0,-8.5317,,-5.9298,1.8499,2.5881,0.0,,3.445,-3.445,-1.1483,,0.6965,,,1.3552,Colorado
,Missouri State,CUSA,1,3,4,False,tentative,-10.528,10.4229,1.9108,,2.8217,,11.2644,0.3816,0.4741,2.3438,2.7143,0.4136,0.5,0.1047,0.1379,6.0,6.0819,25.9688,30.4,4.9286,3.8261,0.5,24.0995,27.3692,0.5252,0,82,97,0.4018,-0.1518,-0.0859,9.5,69.5,13.0,6.7961,5.3211,2.9126,4.3307,3.0698,1.75,1.0,-12.0611,,-12.0611,1.9229,2.9664,0.0,,3.2122,-3.2122,-1.0707,,0.7505,,,1.1782,Marshall
,Northern Illinois,Mountain West,0,4,4,False,tentative,-18.7825,6.915,1.4563,,3.0814,,11.4163,0.3926,0.4546,1.1714,3.3429,0.3951,0.4682,0.0976,0.1364,5.0439,6.2545,27.6,30.4571,2.125,5.6471,0.0,27.6732,34.4559,0.3939,0,48,145,0.0679,-0.0679,-0.0913,5.5,49.0,11.0,4.186,5.7598,1.8605,3.0172,2.6547,1.25,1.0,0.7908,,0.7908,2.3872,2.3187,0,,4.979,-4.979,-1.2448,,0.8392,,,2.1492,Illinois State
